Unnamed: 0,sent_id,left_context,pivot,right_context,ID,FORM,LEMMA,UPOS,XPOS,FEATS,HEAD,DEPREL,DEPS,MISC,dist
1309,4883,"Langues : Allemand (lu, écrit, parlé), Anglais (lu, ",écrit,", parlé), Arabe (notions).",7.0,écrit,écrire,VERB,VERB,Gender=Masc|Number=Sing|Tense=Past|VerbForm=Part,5.0,conj,5:conj,SpaceAfter=No,2.0
2829,10662,Une machine à ,écrire,", où l'énergie et la concentration sont bannis rapidement remplacés par l'amusement et la rapidité tout en conservant le sérieux, le design, bref un fabuleux objet de conssommation.",4.0,écrire,écrire,VERB,VERB,VerbForm=Inf,2.0,acl,2:acl,SpaceAfter=No,1.0
7727,28855,"Elle est certes parvenue à mater les caciques de son parti, mais elle découvrira très rapidement que maîtriser des Blocher ou des Couchepin est une autre affaire», ",écrit, «Le Temps».,31.0,écrit,écrire,VERB,VERB,Gender=Masc|Number=Sing|Tense=Past|VerbForm=Part,4.0,parataxis,4:parataxis,_,2.0
8759,32710,"Une expression omniprésente dans le quotidien et la tradition japonais, selon le correspondant du quotidien zurichois, qui précise qu'il s'agit d'une règle non ",écrite, mais incontournable pour la bienséance.,29.0,écrite,écrire,VERB,VERB,Gender=Fem|Number=Sing|Tense=Past|VerbForm=Part,27.0,acl,27:acl,_,1.0
9708,36100,J'ai donc choisi un jeu facile à comprendre et à ,écrire,", d'où le choix d'une opposition individu/groupe qui était suivie d'oppositions groupe/groupe.",12.0,écrire,écrire,VERB,VERB,VerbForm=Inf,9.0,conj,9:conj,SpaceAfter=No,1.0
9986,37101,"Elle a réaffirmé sa volonté de contrôler l'exécutif, en dénonçant les dysfonctionnements, par ses questions, ",écrites," et orales, et par le travail quotidien de ses commissions permanentes, servi par la modernisation des modes de saisie.",20.0,écrites,écrire,VERB,VERB,Gender=Fem|Number=Plur|Tense=Past|VerbForm=Part,18.0,acl,18:acl,_,1.0
10152,37787,L'auteur ,écrit," justement : « la violence affecte surtout les habitants des quartiers pauvres, ce sont cependant les pauvres qui en sont généralement considérés comme les 'producteurs' sous prétextes que la misère rendrait les gens violents ».",3.0,écrit,écrire,VERB,VERB,Mood=Ind|Number=Sing|Person=3|Tense=Pres|VerbForm=Fin,0.0,root,0:root,_,1.0
11049,41432,"Cette affaire intervenant après l'agression du jeune Rudy dans le même quartier, les enquêteurs ont parfaitement compris les réactions de la communauté juive"""", ",écrit, le syndicat.,28.0,écrit,écrire,VERB,VERB,Mood=Ind|Number=Sing|Person=3|Tense=Pres|VerbForm=Fin,19.0,parataxis,19:parataxis,_,1.0
12673,47482,"Les condamnés qui ne savent pas lire, ",écrire, ou calculer couramment doivent bénéficier de cet enseignement.,9.0,écrire,écrire,VERB,VERB,VerbForm=Inf,7.0,conj,7:conj,_,1.0
13798,51522,Ainsi sur des tablettes à ,écrire, on retrouve des images qui figurent sur Notre-Dame de Paris et sur la cathédrale d'Amiens.,6.0,écrire,écrire,VERB,VERB,VerbForm=Inf,4.0,acl,4:acl,_,3.0
14417,53784,A mes mots cris du cœur ,écrits," sans réfléchir,",7.0,écrits,écrire,VERB,VERB,Gender=Masc|Number=Plur|Tense=Past|VerbForm=Part,3.0,acl,3:acl,_,1.0
16020,59884,Il analyse (par ,écrit, ou par commentaire) une ou plusieurs parties de ce fichier et compare son enregistrement avec le contenu du document.,5.0,écrit,écrire,VERB,VERB,Gender=Masc|Number=Sing|Tense=Past|VerbForm=Part,2.0,obl:mod,2:obl:mod,_,1.0
16272,60818,"Les protagonistes de cette aventure sont loin d'avoir tous disparus, beaucoup ",écrivent," encore ; n'est-on pas en droit d'en attendre une explication, quelques regrets peut-être ?",14.0,écrivent,écrire,VERB,VERB,Mood=Ind|Number=Plur|Person=3|Tense=Pres|VerbForm=Fin,7.0,advcl,7:advcl,_,1.0
16384,61183,"Il n'y a aucune intention hostile contre une religion aussi importante que l'islam"""", ",écrit," Gian Maria Vian, rédacteur en chef du journal.",19.0,écrit,écrire,VERB,VERB,Mood=Ind|Number=Sing|Person=3|Tense=Pres|VerbForm=Fin,5.0,parataxis,5:parataxis,_,1.0
16500,61614,Mais à côté de cette étroite association entre école et ,écrit, apparaissent quelques pratiques différentes et ce sont elles qui vont nous permettre de lancer les premières questions.,11.0,écrit,écrire,VERB,VERB,Gender=Masc|Number=Sing|Tense=Past|VerbForm=Part,9.0,conj,9:conj,_,1.0
16708,62396,"D'ailleurs il a fait de la lenteur, la représentation esthétique de son oeuvre : """"l'homme, ",écrit,"-il, n'a plus le désir de cheminer et d'en tirer une jouissance.",21.0,écrit,écrire,VERB,VERB,Mood=Ind|Number=Sing|Person=3|Tense=Pres|VerbForm=Fin,5.0,advcl,5:advcl,SpaceAfter=No,1.0
17818,66817,"Mais si internet prend un coup de terroir, il reste au coeur des dossiers prioritaires : régions, réforme de l'État, Europe."""", ",écrit, notre confrère.,29.0,écrit,écrire,VERB,VERB,Mood=Ind|Number=Sing|Person=3|Tense=Pres|VerbForm=Fin,0.0,root,0:root,_,1.0
18556,69517,"Après l'Afrique qui l'a détenu 15 ans (Boutros Boutros-Ghali pendant un mandat, puis M. Annan pendant deux mandats), le poste devait revenir à l'Asie en vertu d'un principe (non ",écrit,) de rotation géographique.,41.0,écrit,écrire,VERB,VERB,Gender=Masc|Number=Sing|Tense=Past|VerbForm=Part,38.0,acl,38:acl,SpaceAfter=No,2.0
18626,69798,"Au passage, Al Bayane fustige l`attitude du gouvernement qui, ",écrit,"-il, s`est révélé """"incapable de s`acquitter de sa tâche"""".",12.0,écrit,écrire,VERB,VERB,Mood=Ind|Number=Sing|Person=3|Tense=Pres|VerbForm=Fin,9.0,acl:relcl,9:acl:relcl,SpaceAfter=No,1.0
19870,74480,"Le riche, ",écrit," Mirabeau, est """" un réservoir où les richesses se rassemblent pour être partagées à ceux qui travaillent """".",4.0,écrit,écrire,VERB,VERB,Mood=Ind|Number=Sing|Person=3|Tense=Pres|VerbForm=Fin,10.0,advcl,10:advcl,_,1.0
21254,79668,"On pourra donc, au travers d'interfaces spécialement ",écrites,", lancer les programmes, films ou chansons rien qu'en les pointant du doigt.",10.0,écrites,écrire,VERB,VERB,Gender=Fem|Number=Plur|Tense=Past|VerbForm=Part,8.0,acl,8:acl,SpaceAfter=No,1.0
21918,82007,"Je m'appelle Pascal jeune français très courageux, respectueux, propre, sachant lire et ",écrire," correctement, est à la recherche d'emploi en qualité de Pâtisserie.Je compte sur votre bonne foie, vous ne serez pas déçu.",17.0,écrire,écrire,VERB,VERB,VerbForm=Inf,15.0,conj,15:conj,_,3.0
23007,86385,"L'acte de création du prix, écrit sur une feuille de papier par Adolfo Franci (la carte jaune - """"carta gialla""""), fut immédiatement ",écrit," et fixé sur le mur du local et l'annonce en fut faite dans la revue la """"La Fiera Letteraria"""".",8.0,écrit,écrire,VERB,VERB,Gender=Masc|Number=Sing|Tense=Past|VerbForm=Part,2.0,acl,2:acl,_,1.0
23398,87961,Une fois que c'est mis en mots et ,écrit,", l'intérêt est double.",10.0,écrit,écrire,VERB,VERB,Gender=Masc|Number=Sing|Tense=Past|VerbForm=Part,6.0,conj,6:conj,SpaceAfter=No,1.0
23677,88835,"Son disciple, Porphyre, qui joua un très grand rôle auprès de Plotin puisque c'est lui qui engagea son maître à ",écrire,", s'est absenté, malade, en Sicile.",24.0,écrire,écrire,VERB,VERB,VerbForm=Inf,20.0,xcomp,20:xcomp,SpaceAfter=No,1.0
28092,105514,"Je voudrais vous féliciter pour votre sagesse et votre réel engagement à parvenir, par la négociation, à une paix juste et durable au Proche-orient"""", ",écrivait, le souverain marocain.,32.0,écrivait,écrire,VERB,VERB,Mood=Ind|Number=Sing|Person=3|Tense=Imp|VerbForm=Fin,3.0,parataxis,3:parataxis,_,2.0
29385,110748,"De plus, il se pourrait que le texte de Wikipédia soit un copyvio (genre de petit texte bien ",écrit, qu'on trouve dans une édition de poche...).,21.0,écrit,écrire,VERB,VERB,Gender=Masc|Number=Sing|Tense=Past|VerbForm=Part,19.0,acl,19:acl,_,3.0
29515,111233,"L'obligation de tenir une réunion ouverte au public exprime le choix clair du législateur d'accroître la responsabilisation des gouvernements locaux et la transparence de leur processus décisionnel"""", a ",écrit, la juge Louise Charron.,33.0,écrit,écrire,VERB,VERB,Gender=Masc|Number=Sing|Tense=Past|VerbForm=Part,10.0,parataxis,10:parataxis,_,1.0
30570,115312,"On appelle ça un don pour la comédie humaine», a ",écrit, l'influent hebdomadaire.,13.0,écrit,écrire,VERB,VERB,Gender=Masc|Number=Sing|Tense=Past|VerbForm=Part,2.0,parataxis,2:parataxis,_,2.0
31969,120486,"De fait, la presse locale a mentionné, à l'occasion du 8 mars, que 58% des femmes malgaches ne savent ni lire, ni ",écrire, Pourtant des efforts sont déployés dans la sensibilisation à l'éducation.,29.0,écrire,écrire,VERB,VERB,VerbForm=Inf,24.0,conj,24:conj,_,1.0
32420,122172,"D'où l'aspect un peu disparate de l'ensemble, chacune ayant sa façon d'",écrire,", ses priorités, son expérience aussi.",17.0,écrire,écrire,VERB,VERB,VerbForm=Inf,15.0,acl,15:acl,SpaceAfter=No,2.0
32440,122222,"Autre argument de poids: après l'Asie en 2008 (Pékin) et l'Europe en 2012 (Londres), le continent américain pourrait bénéficier du principe (non ",écrit,) de rotation continentale.,32.0,écrit,écrire,VERB,VERB,Gender=Masc|Number=Sing|Tense=Past|VerbForm=Part,29.0,acl,29:acl,SpaceAfter=No,1.0
32648,122993,"Le +plan B+ est tout trouvé : B pour Blair"""", ",écrit, le journal.,15.0,écrit,écrire,VERB,VERB,Mood=Ind|Number=Sing|Person=3|Tense=Pres|VerbForm=Fin,8.0,parataxis,8:parataxis,_,1.0
33152,125070,"En 2007 Julio Iglesias reprend le titre """"Donner"""" ",écrit," et composé par Fred Blondin et figurant sur son album """"Mordre la poussière"""".",11.0,écrit,écrire,VERB,VERB,Gender=Masc|Number=Sing|Tense=Past|VerbForm=Part,7.0,acl,7:acl,_,2.0
33283,125501,"Si vous désirez des diagrammes sur des thèmes particuliers et que vous ne les trouvez pas en référence, ",écrivez,-moi ; je possède aussi de nombreuses grilles que je ne mettrai pas forcément sur ce site.,20.0,écrivez,écrire,VERB,VERB,Mood=Imp|Number=Plur|Person=2|Tense=Pres|VerbForm=Fin,0.0,root,0:root,SpaceAfter=No,1.0
34330,129279,"Notre but est d'organiser le partage des noms de famille sur internet, notamment sur le point FR», ",écrivent, ses créateurs.,22.0,écrivent,écrire,VERB,VERB,Mood=Ind|Number=Plur|Person=3|Tense=Pres|VerbForm=Fin,3.0,parataxis,3:parataxis,_,1.0
34402,129564,L'étranger visé au premier alinéa est informé de cette remise par décision ,écrite, et motivée prise par une autorité administrative définie par décret en Conseil d'Etat.,14.0,écrite,écrire,VERB,VERB,Gender=Fem|Number=Sing|Tense=Past|VerbForm=Part,13.0,acl,13:acl,_,1.0
34413,129623,"La demande de Bruxelles doit être rejetée, ",écrit, la fédération des entreprises suisses.,9.0,écrit,écrire,VERB,VERB,Mood=Ind|Number=Sing|Person=3|Tense=Pres|VerbForm=Fin,5.0,parataxis,5:parataxis,_,1.0
34913,131552,"Les profiteurs n'ont pas toujours de problème financier, et leur motivation principale pour ",écrire," est de ramasser l'argent, pas de faire de la littérature, même mauvaise.",16.0,écrire,écrire,VERB,VERB,VerbForm=Inf,13.0,acl,13:acl,_,1.0
37425,140809,"Le projet a donc pris plus de poids en devenant transnational.Ce tracé est un magnifique exemple de technique innovatrice au service de la mise en valeur des paysages des Alpes, ",écrit, l'OFC.,34.0,écrit,écrire,VERB,VERB,Gender=Masc|Number=Sing|Tense=Past|VerbForm=Part,18.0,parataxis,18:parataxis,_,1.0
37429,140823,En fait plus je pleure plus j'aime :o)) Lorsque j',écris," (en dehors de ce journal) ce n'est jamais gai, ce sont toujours des histoires sombres.",13.0,écris,écrire,VERB,VERB,Mood=Ind|Number=Sing|Person=1|Tense=Pres|VerbForm=Fin,31.0,advcl,31:advcl,_,1.0
37512,141159,D'Estrées ,écrit," alors : « Les quatre évêques viennent de se conformer, par une signature nouvelle et sincère, à l'attitude des autres évêques ».",3.0,écrit,écrire,VERB,VERB,Mood=Ind|Number=Sing|Person=3|Tense=Pres|VerbForm=Fin,0.0,root,0:root,_,1.0
40244,151729,"Une chose est sûre, l'ère de Sharon à la barre est tragiquement finie"""", ",écrit, ainsi le quotidien Haaretz.,19.0,écrit,écrire,VERB,VERB,Mood=Ind|Number=Sing|Person=3|Tense=Pres|VerbForm=Fin,16.0,parataxis,16:parataxis,_,1.0
40299,151900,"Une différence de taille, en tout cas une qui vous permettra d'",écrire," plus vite, puisque vous n'avez plus à vous souciez de la justification des paragraphes, des types et tailles des polices, etc.",14.0,écrire,écrire,VERB,VERB,VerbForm=Inf,12.0,xcomp,12:xcomp,_,1.0
40652,153343,Elle n'a plus d'idée pour ,écrire, et tout dans sa maison lui rapelle son ex-mari.,8.0,écrire,écrire,VERB,VERB,VerbForm=Inf,6.0,acl,6:acl,_,1.0
43717,164915,Sœur de saint Grégoire le Théologien qui ,écrivit, lui-même l'histoire de ses vertus et de ses miracles.,8.0,écrivit,écrire,VERB,VERB,Mood=Ind|Number=Sing|Person=3|Tense=Past|VerbForm=Fin,3.0,acl:relcl,3:acl:relcl,_,1.0
44419,167736,"Ici, chaque professionnel qui a ",écrit," s'est livré certes à son inspiration, mais en écho aux inspirations et aux attentes des autres.",7.0,écrit,écrire,VERB,VERB,Gender=Masc|Number=Sing|Tense=Past|VerbForm=Part,4.0,acl:relcl,4:acl:relcl,_,3.0
44885,169479,"Sur fond de légère réduction des horaires, ces programmes sont résolument centrés sur un retour aux fondamentaux (lire, ",écrire,", compter), même si Xavier Darcos a réduit ses ambitions en ce domaine.",22.0,écrire,écrire,VERB,VERB,VerbForm=Inf,20.0,conj,20:conj,SpaceAfter=No,1.0
46574,175685,"Les enseignants du stage """"Lire, ",écrire,", communiquer"""" (98/99) vous proposent deux analyses qui semblent constituer des outils de travail intéressants pour tous ceux qui envisageront d'entrer dans ce """"chantier d'écriture"""".",8.0,écrire,écrire,VERB,VERB,VerbForm=Inf,6.0,conj,6:conj,SpaceAfter=No,1.0
47667,179804,Tout le monde dans la famille ,écrivait," : père, mère, frère, sœur, belle-sœur (Marthe Allard sous le pseudonyme de """"Pampille"""") et oncle (Ernest Daudet).",7.0,écrivait,écrire,VERB,VERB,Mood=Ind|Number=Sing|Person=3|Tense=Imp|VerbForm=Fin,0.0,root,0:root,_,2.0
48636,183299,"Le récit tout entier peut même être présenté comme un faux document, comme un journal intime, dans lequel le narrateur fait explicitement référence au fait qu’il ",écrit, ou raconte une histoire.,30.0,écrit,écrire,VERB,VERB,Mood=Ind|Number=Sing|Person=3|Tense=Pres|VerbForm=Fin,27.0,acl,27:acl,_,1.0
49441,186403,"Le tueur en série présumé s'est dit prêt, jeudi, à répondre """"par ",écrit," et """"directement aux familles"""", à toutes les questions qu'elles se posent.",17.0,écrit,écrire,VERB,VERB,Gender=Masc|Number=Sing|Tense=Past|VerbForm=Part,14.0,obl:mod,14:obl:mod,SpaceAfter=No,1.0
49898,188358,"C'est un projet ambitieux et, au delà des questions de morale sexuelle, un projet auquel le continent doit accepter de se confronter de manière conséquente"""", ",écrit, le quotidien de gauche Frankfurter Rundschau.,31.0,écrit,écrire,VERB,VERB,Mood=Ind|Number=Sing|Person=3|Tense=Pres|VerbForm=Fin,4.0,parataxis,4:parataxis,_,3.0
51065,192623,"Il est à espérer qu'elle aura un petit 'accident' une fois libérée"""", a ",écrit, une certaine Bunnie.,20.0,écrit,écrire,VERB,VERB,Gender=Masc|Number=Sing|Tense=Past|VerbForm=Part,3.0,parataxis,3:parataxis,_,2.0
53638,202218,"Les syndicats de la branche considèrent que les 500 intermittents genevois (comédiens et techniciens) n'obtiennent que des pourcentages très bas (entre 20 et 40% par année en moyenne), ",écrivent, les auteurs du projet.,36.0,écrivent,écrire,VERB,VERB,Mood=Ind|Number=Plur|Person=3|Tense=Pres|VerbForm=Fin,6.0,parataxis,6:parataxis,_,1.0
54927,206708,Les bruits de flingues varie de la machine à ,écrire, à la grosse sulfateuse.,10.0,écrire,écrire,VERB,VERB,VerbForm=Inf,8.0,acl,8:acl,_,1.0
55272,208013,Le maréchal de Saint-Arnaud ,écrit," : Par d'habiles combinaisons, les chefs les plus brillants de la Nouvelle Afrique avaient été appelés à Paris.",5.0,écrit,écrire,VERB,VERB,Mood=Ind|Number=Sing|Person=3|Tense=Pres|VerbForm=Fin,0.0,root,0:root,_,1.0
55291,208116,"La sentence tombe, sans appel: """"J'ai honte pour notre pays"""", ",écrit, le socialiste.,17.0,écrit,écrire,VERB,VERB,Mood=Ind|Number=Sing|Person=3|Tense=Pres|VerbForm=Fin,3.0,parataxis,3:parataxis,_,1.0
55689,209675,Comment traitera-t-on les demandes relatives aux adoptions ,écrit, le secrétaire d'Etat.,10.0,écrit,écrire,VERB,VERB,Gender=Masc|Number=Sing|Tense=Past|VerbForm=Part,0.0,root,0:root,_,1.0
56050,211017,"Nous avons des intérêts vitaux à l'étranger», ",écrit," Fenton, «et dans une démocratie, nous devons connaître ces intérêts, y consentir, les contrôler et les défendre.",11.0,écrit,écrire,VERB,VERB,Mood=Ind|Number=Sing|Person=3|Tense=Pres|VerbForm=Fin,2.0,parataxis,2:parataxis,_,3.0
56857,214036,"Malgré son grand âge, il continue à ",écrire,", ne cédant que face à la maladie, la paralysie et la perte de la voix.",9.0,écrire,écrire,VERB,VERB,VerbForm=Inf,7.0,xcomp,7:xcomp,SpaceAfter=No,1.0
58437,219794,Tapant sur sa machine à ,écrire," en forme de tête de mort, tel un fantôme de l'Opéra dont la chambre arbore le profil d'un cercueil, il est ainsi ce mal absolu contre qui seuls les passionnés ET talentueux peuvent garder le profil haut.",6.0,écrire,écrire,VERB,VERB,VerbForm=Inf,4.0,acl,4:acl,_,2.0
58834,221398,"«L'Egypte ignore les raisons de fond qui ont mené votre pays a prendre une telle décision et je voudrais donc apprécier grandement vos opinions sur la question», ",écrit, le chef de la diplomatie égyptienne.,32.0,écrit,écrire,VERB,VERB,Mood=Ind|Number=Sing|Person=3|Tense=Pres|VerbForm=Fin,4.0,parataxis,4:parataxis,_,2.0
59534,224114,"Et il m'a donné comme raison que, de même que l'homme a la tête en l'air et les pieds en bas, quand il ",écrit," il doit écrire de haut en bas.""""",29.0,écrit,écrire,VERB,VERB,Mood=Ind|Number=Sing|Person=3|Tense=Pres|VerbForm=Fin,31.0,advcl,31:advcl,_,3.0
60371,227266,"De Paris ou de Lyon, en provenance de Grasse, trois personnalités majeures de l'Espace linguistique Francophone ont fait une déclaration ",écrite, et filmée pour contribuer à la dynamique.,24.0,écrite,écrire,VERB,VERB,Gender=Fem|Number=Sing|Tense=Past|VerbForm=Part,23.0,acl,23:acl,_,1.0
60568,228047,"Choisissez vos armes, Monsieur, et affrontez moi d'homme à homme dans une série de débats télévisés en direct"""", a ",écrit," le Premier ministre, lui-même confronté à une baisse continue dans les sondages.",25.0,écrit,écrire,VERB,VERB,Gender=Masc|Number=Sing|Tense=Past|VerbForm=Part,1.0,parataxis,1:parataxis,_,1.0
63314,238904,"Les discussions avec News Corp, qui avait précédemment discuté d'un partenariat avec Yahoo pour contrer l'offre de Microsoft (MSFT), en sont encore à un stade confidentiel, ",écrit, le New York Times.,34.0,écrit,écrire,VERB,VERB,Gender=Masc|Number=Sing|Tense=Past|VerbForm=Part,31.0,parataxis,31:parataxis,_,1.0
63355,239041,Ayant successivement adopté des supports d'information oraux ou ,écrits," au cours des siècles, la procédure civile combine actuellement ces supports en privilégiant l'un ou l'autre suivant les juridictions.",10.0,écrits,écrire,VERB,VERB,Gender=Masc|Number=Plur|Tense=Past|VerbForm=Part,8.0,conj,8:conj,_,1.0
63537,239695,"Les migrations temporaires peuvent jouer un rôle limité dans certains secteurs et professions"""", ",écrit," l'OCDE mais """"il n'est pas réaliste d'envisager qu'elles deviennent une pierre angulaire des futures politiques de migration de travail"""".",17.0,écrit,écrire,VERB,VERB,Mood=Ind|Number=Sing|Person=3|Tense=Pres|VerbForm=Fin,5.0,parataxis,5:parataxis,_,1.0
65121,245592,"Le christianisme est la religion de la """" Parole """" de Dieu, """" non d'un verbe ",écrit," et muet, mais du Verbe incarné et vivant """" (S. Bernard, hom. miss. 4, 11 : Opera, ed. J. Leclercq-H.",19.0,écrit,écrire,VERB,VERB,Gender=Masc|Number=Sing|Tense=Past|VerbForm=Part,18.0,acl,18:acl,_,1.0
65781,247998,"Ils """"ont désormais la tâche peu enviable de trier dans cette affaire ce qui est confession réelle et ce qui relève des fanfaronnades chimériques"""", a ",écrit, le quotidien Washington Post.,29.0,écrit,écrire,VERB,VERB,Gender=Masc|Number=Sing|Tense=Past|VerbForm=Part,3.0,parataxis,3:parataxis,_,3.0
66653,251568,"Cela suggère que la sécheresse de l'Afrique subsaharienne serait due, dans une certaine mesure, au réchauffement climatique causé par l'homme, """" ",écrit, le diplomate.,27.0,écrit,écrire,VERB,VERB,Mood=Ind|Number=Sing|Person=3|Tense=Pres|VerbForm=Fin,2.0,parataxis,2:parataxis,_,1.0
67221,253703,"Je sais qu'elles accompagnent généralement la représentation de Jean-Marie Le Pen"""", ",écrivait, le ministre.,15.0,écrivait,écrire,VERB,VERB,Mood=Ind|Number=Sing|Person=3|Tense=Imp|VerbForm=Fin,2.0,parataxis,2:parataxis,_,1.0
67865,256248,"Une autre banque française, le Crédit Mutuel, serait également sur les rangs pour racheter Citibank Allemagne, numéro un du crédit à la consommation outre-Rhin avec 7% du marché, ",écrit, encore le quotidien économique.,34.0,écrit,écrire,VERB,VERB,Mood=Ind|Number=Sing|Person=3|Tense=Pres|VerbForm=Fin,14.0,parataxis,14:parataxis,_,2.0
70447,265827,"La conférence a commencé, mais le jour du jugement n'est pas venu», ",écrit, le quotidien Milliyet.,17.0,écrit,écrire,VERB,VERB,Gender=Masc|Number=Sing|Tense=Past|VerbForm=Part,4.0,parataxis,4:parataxis,_,1.0
70840,267123,"Juste après l'expérience de 1925, Krishnamurti vivra encore une période extrêmement créatrice durant laquelle il tentera d'exprimer, à travers la poésie, le sans nom, l'otherness, puis il cessera d'",écrire, et se consacrera à l'enseignement.,38.0,écrire,écrire,VERB,VERB,VerbForm=Inf,36.0,xcomp,36:xcomp,_,1.0
71646,270179,"Le fil rouge de nos travaux, c'est le style d'",écrire, propre à chaque génome.,13.0,écrire,écrire,VERB,VERB,VerbForm=Inf,11.0,acl,11:acl,_,1.0
73895,278413,"A l'aube de la programmation des fonds 2007-2013, """"vous comprendrez"""" - ",écrit,"-il - """"les conséquences désastreuses d'une telle situation"""".",19.0,écrit,écrire,VERB,VERB,Mood=Ind|Number=Sing|Person=3|Tense=Pres|VerbForm=Fin,16.0,parataxis,16:parataxis,SpaceAfter=No,2.0
75848,285648,"Je download facilement 500 Go et plus par mois, 100 Go, c'est des peanuts ",écrit, un internaute.,18.0,écrit,écrire,VERB,VERB,Gender=Masc|Number=Sing|Tense=Past|VerbForm=Part,2.0,punct,2:punct,_,1.0
76466,287877,Amina Lawal risque donc toujours la peine de mort par lapidation et nous vous demandons d'aider à la sauver en ,écrivant, ou en envoyant des fax ou des mails aux autorités nigérianes :,22.0,écrivant,écrire,VERB,VERB,Tense=Pres|VerbForm=Part,17.0,advcl,17:advcl,_,2.0
77052,290059,"Ces groupes auraient depuis la fin 2004 pris l'habitude de se téléphoner régulièrement et de tenir des réunions secrètes, ",écrit," le Figaro, qui évoque aussi des échanges de courriels et d'études de marché.",22.0,écrit,écrire,VERB,VERB,Gender=Masc|Number=Sing|Tense=Past|VerbForm=Part,8.0,parataxis,8:parataxis,_,1.0
77830,292997,"Bonne journée, Jeroen > zeg 't maar 28 août 2007 à 11:19 (CEST) PS, il n'y a pas si longtemps, les machines à ",écrire, mécaniques proposaient encore bien une touche ij.,31.0,écrire,écrire,VERB,VERB,VerbForm=Inf,29.0,acl,29:acl,_,1.0
79161,297819,"Bon, c'est pas le cas, elle est initialisée et si on n'",écrit," pas explicitement """"région= """", il apparaît {{{région}}} dans la boîte.",16.0,écrit,écrire,VERB,VERB,Mood=Ind|Number=Sing|Person=3|Tense=Pres|VerbForm=Fin,20.0,dep,20:dep,_,1.0
80613,303127,"Le risque de transmission d'infections virales sérieuses par transfusion, la plus grande crainte du public, a maintenant atteint un niveau extrêmement faible», ",écrit, le Comité d'hémovigilance.,28.0,écrit,écrire,VERB,VERB,Mood=Ind|Number=Sing|Person=3|Tense=Pres|VerbForm=Fin,21.0,parataxis,21:parataxis,_,1.0
80957,304408,"Notre situation est pleine d'inconnus, au niveau social, politique, légal"""", ",écrivait," M. Bettie, ajoutant avoir rencontré l'hostilité ou les réticences de personnel médical, d'amis et de membres de la famille.",17.0,écrivait,écrire,VERB,VERB,Mood=Ind|Number=Sing|Person=3|Tense=Imp|VerbForm=Fin,4.0,parataxis,4:parataxis,_,1.0
81370,305903,Plus le maestro ,écrit,", plus le Premier ministre, chef d'orchestre, a de travail à accomplir"""".",5.0,écrit,écrire,VERB,VERB,Mood=Ind|Number=Sing|Person=3|Tense=Pres|VerbForm=Fin,16.0,advcl,16:advcl,SpaceAfter=No,2.0
81822,307630,"Après avoir fait tous les petits boulots, d'assistant au casting à second réalisateur, sans jamais s'arrêter d'",écrire,", il réalise son premier film 'Le Dernier Combat'.",22.0,écrire,écrire,VERB,VERB,VerbForm=Inf,20.0,xcomp,20:xcomp,SpaceAfter=No,2.0
82089,308630,Tout au contraire c'est un roman bien ,écrit,", riche de détails sur la Hongrie qui a souffert et sur la vie souvent perdue de ceux qui y ont vécu, rue Katalin entre autres.",9.0,écrit,écrire,VERB,VERB,Gender=Masc|Number=Sing|Tense=Past|VerbForm=Part,7.0,acl,7:acl,SpaceAfter=No,2.0
85190,320125,"Restreindre la définition du mariage comme une union entre un homme et une femme est anticonstitutionnel et doit être retiré du code"""" civil californien, a ",écrit, le président de la cour.,28.0,écrit,écrire,VERB,VERB,Gender=Masc|Number=Sing|Tense=Past|VerbForm=Part,16.0,parataxis,16:parataxis,_,1.0
85407,320908,"Ce monsieur est musicien, et souvent la musique se trouve dans sa manière d'",écrire," : une écriture rythmée, très sèche, pointue, jazzée, où les phrases parfois ( souvent ) s'arrêtent sur un point avant d'être terminées.",16.0,écrire,écrire,VERB,VERB,VerbForm=Inf,14.0,acl,14:acl,_,1.0
86274,324473,Quand les gars ,écrivent,", c'est certain qu'ils comblent eux-mêmes certains rôles.",4.0,écrivent,écrire,VERB,VERB,Mood=Ind|Number=Plur|Person=3|Tense=Pres|VerbForm=Fin,8.0,advcl,8:advcl,SpaceAfter=No,1.0
87731,330160,"Après avoir perdu tant de soutiens parmi les électeurs musulmans, les ministres travaillistes ont un intérêt partisan fort à ne pas faire d'actions qui puissent servir de ralliement contre eux"""", ",écrit, le Guardian (gauche).,35.0,écrit,écrire,VERB,VERB,Mood=Ind|Number=Sing|Person=3|Tense=Pres|VerbForm=Fin,15.0,parataxis,15:parataxis,_,2.0
88643,333618,"Dans le camp Palin, on affirme que cette accusation est absurde», ",écrit, Elisabeth Bumiller du New York Times.,15.0,écrit,écrire,VERB,VERB,Mood=Ind|Number=Sing|Person=3|Tense=Pres|VerbForm=Fin,7.0,parataxis,7:parataxis,_,1.0
88751,334172,"Pour l'heure, Arcelor Mittal et Rio Tinto semblent être les mieux placés pour accéder au dernier tour des enchères"""", ",écrit," l'Economic Times, qui cite des sources proches du dossier.",25.0,écrit,écrire,VERB,VERB,Mood=Ind|Number=Sing|Person=3|Tense=Pres|VerbForm=Fin,11.0,parataxis,11:parataxis,_,1.0
89318,336341,"Voici un livre intelligent et sensible, peut-être le meilleur de cette collection «",Écrire,"», qui en compte jusqu'ici une quarantaine.",15.0,Écrire,écrire,VERB,VERB,VerbForm=Inf,13.0,acl,13:acl,SpaceAfter=No,1.0
89786,338164,"Tout de suite on me demanderait comment l'utiliser, à qui ",écrire,", comment recevoir des messages, je ne saurais pas.",13.0,écrire,écrire,VERB,VERB,VerbForm=Inf,9.0,xcomp,9:xcomp,SpaceAfter=No,2.0
91803,345986,"Aux yeux d'une grande majorité de la population, la diversité fédérale est """"manifestement un fardeau insupportable, un fouillis cantonal"""", ",écrit, la Fondation pour la collaboration confédérale (ch).,26.0,écrit,écrire,VERB,VERB,Mood=Ind|Number=Sing|Person=3|Tense=Pres|VerbForm=Fin,18.0,parataxis,18:parataxis,_,1.0
93316,352133,La joie d',écrire," et d'éditer les articles de cette encyclopédie vient de ce que, justement, la perfection n'est ici attendue de personne.",4.0,écrire,écrire,VERB,VERB,VerbForm=Inf,2.0,acl,2:acl,_,1.0
93418,352440,Sont donc adoptées trop souvent des mesures mal ,écrites,", incompréhensibles ou inapplicables.",9.0,écrites,écrire,VERB,VERB,Gender=Fem|Number=Plur|Tense=Past|VerbForm=Part,7.0,acl,7:acl,SpaceAfter=No,1.0
93557,353050,"Christian Clavier;Nathalie Baye;Maureen Kerwin;Anémone Jeune cadre dynamique, marié et père de deux enfants,Jérôme Ozendron rêve d'",écrire, et d'échapper à une vie qu'il estime médiocre.,20.0,écrire,écrire,VERB,VERB,VerbForm=Inf,18.0,xcomp,18:xcomp,_,3.0
94285,355950,"Pour prendre contact avec Christophe, ",écrivez,"-moi, je vous donnerai son adresse mail (je ne la donne pas ici pour éviter qu'elle traîne...)",7.0,écrivez,écrire,VERB,VERB,Mood=Imp|Number=Plur|Person=2|Tense=Pres|VerbForm=Fin,0.0,root,0:root,SpaceAfter=No,2.0
95323,359833,"En faisant reconnaître par la critique littéraire la valeur d'un bouquin, qu'un amuseur n'aurait pas été jugé capable d'",écrire,", peut-être y avait-il un besoin de reconnaissance?",24.0,écrire,écrire,VERB,VERB,VerbForm=Inf,22.0,xcomp,22:xcomp,SpaceAfter=No,1.0
96772,365050,Le tout fidèlement recueilli des historiens qui en ont ,écrit,", et des mémoires qui nous ont esté fournies par personnes dignes de foi, habitées en ladite contrée, et cotés en marge.",10.0,écrit,écrire,VERB,VERB,Gender=Masc|Number=Sing|Tense=Past|VerbForm=Part,6.0,acl:relcl,6:acl:relcl,SpaceAfter=No,1.0
99352,374924,"Il est certain que l'idée d'avoir créé un gouffre de 115 millions $ sur une période de plusieurs années afin de couvrir une erreur de 300 000 $ ne fait aucun sens», ",écrit, le juge Leblond.,37.0,écrit,écrire,VERB,VERB,Mood=Ind|Number=Sing|Person=3|Tense=Pres|VerbForm=Fin,3.0,parataxis,3:parataxis,_,2.0
100290,378367,"L'articulation entre indianisme, marxisme et nationalisme révolutionnaire est contingente, les dirigeants du MAS adaptant leur recours à chacune de ces """"ressources idéologiques"""" en fonction de la conjoncture politique"""", ",écrivent, les auteurs.,37.0,écrivent,écrire,VERB,VERB,Mood=Ind|Number=Plur|Person=3|Tense=Pres|VerbForm=Fin,12.0,parataxis,12:parataxis,_,1.0
101720,383963,"La connaissance de l'alphabet est si largement diffusé qu'il n'y a pas un technicien, peu de paysans ou même de pêcheur (habituellement la classe la moins lettrée) qui ne puisse lire et ",écrire, en langue vulgaire.,39.0,écrire,écrire,VERB,VERB,VerbForm=Inf,37.0,conj,37:conj,_,1.0
102017,385014,"Le feu vert a simplement été donné secrètement par """"",écrit, sous forme d'un échange de télex entre les gouvernements des 15 États membres de l'UE.,11.0,écrit,écrire,VERB,VERB,Gender=Masc|Number=Sing|Tense=Past|VerbForm=Part,7.0,obl:mod,7:obl:mod,SpaceAfter=No,1.0
102728,387609,"L'observateur note, par ",écrit,", les commentaires des joueurs et leurs attitudes.",6.0,écrit,écrire,VERB,VERB,Gender=Masc|Number=Sing|Tense=Past|VerbForm=Part,3.0,obl:mod,3:obl:mod,SpaceAfter=No,1.0
102834,388002,"Par ailleurs, Silvio Berlusconi a annoncé qu'Eni, Benetton et Mediobanca pourraient participer à une contre-offre sur Alitalia, ",écrit, le quotidien La Stampa.,22.0,écrit,écrire,VERB,VERB,Mood=Ind|Number=Sing|Person=3|Tense=Pres|VerbForm=Fin,7.0,parataxis,7:parataxis,_,3.0
103369,389935,Il faudrait se mettre daccord sur de pages de discussion AVANT d',écrire,", ça éviterait le rallongement sans fin des historiques...",13.0,écrire,écrire,VERB,VERB,VerbForm=Inf,4.0,advcl,4:advcl,SpaceAfter=No,1.0
106571,402138,"Le regard triste et timide, empreint d'une insondable mélancolie, il donne l'impression qu'un dieu méchant l'a contraint à exercer, au milieu d'hommes forts et implacables, ce fichu métier"""", devait ",écrire, un chroniqueur.,42.0,écrire,écrire,VERB,VERB,VerbForm=Inf,41.0,xcomp,41:xcomp,_,1.0
106711,402682,"D'une part, une dimension physique, matérielle : lorsque nous parlons ou ",écrivons,", nous émettons des sons ou traçons des signes, qui doivent être appréhendés au moyen des sens (ouïe, vue).",15.0,écrivons,écrire,VERB,VERB,Mood=Ind|Number=Plur|Person=1|Tense=Pres|VerbForm=Fin,13.0,conj,13:conj,SpaceAfter=No,2.0
107991,407536,"Des mots qui (...) ponctuaient une violente diatribe, elle-même très injurieuse"""", ",écrit, M. Kabtane.,17.0,écrit,écrire,VERB,VERB,Mood=Ind|Number=Sing|Person=3|Tense=Pres|VerbForm=Fin,2.0,parataxis,2:parataxis,_,1.0
108369,409022,"Même si aucune loi ne légitime les abus d'un Etat, ni ",écrite," ni approuvée, certaines classes se renforcent aux dépends des autres, les submerge, et la main gauche lave la main droite.",14.0,écrite,écrire,VERB,VERB,Gender=Fem|Number=Sing|Tense=Past|VerbForm=Part,6.0,conj,6:conj,_,1.0
109509,413253,"Avec ses ressources pétrolières, l'Angola dispose d'atouts puissants pour résister à la puissance chinoise, ce qui n'est pas le cas des pays plus pauvres"""", ",écrit, le quotidien londonien.,33.0,écrit,écrire,VERB,VERB,Mood=Ind|Number=Sing|Person=3|Tense=Pres|VerbForm=Fin,9.0,parataxis,9:parataxis,_,2.0
109581,413441,"Au final, """"c'est bénéfique pour la croissance de l'économie suisse et ce sera appelé à le devenir encore plus"""", ",écrit," le quotidien économique.""""",26.0,écrit,écrire,VERB,VERB,Mood=Ind|Number=Sing|Person=3|Tense=Pres|VerbForm=Fin,7.0,parataxis,7:parataxis,_,1.0
110299,416149,"Ce livre est librement inspiré de faits réels"""", ",écrit, brièvement Dominique Jamet.,11.0,écrit,écrire,VERB,VERB,Mood=Ind|Number=Sing|Person=3|Tense=Pres|VerbForm=Fin,5.0,parataxis,5:parataxis,_,1.0
111554,420974,"Les émeutiers ont pu repousser une charge des forces anti-émeutes et certains jeunes se sont hissés sur la tourelle d'un blindé léger de la police, abandonné par ses occupants avant de tenter d'y mettre le feu"""", ",écrit, le journal El Watan.,43.0,écrit,écrire,VERB,VERB,Mood=Ind|Number=Sing|Person=3|Tense=Pres|VerbForm=Fin,5.0,parataxis,5:parataxis,_,1.0
112604,425028,Un peu comme George Perec ,écrit," sans utiliser la lettre «e» dans La Disparition, un livre auquel fait référence la narratrice de Tom est mort.",6.0,écrit,écrire,VERB,VERB,Gender=Masc|Number=Sing|Tense=Past|VerbForm=Part,28.0,advcl,28:advcl,_,3.0
113436,428088,À la suite d'une instruction non ,écrite," émanant des services du garde des sceaux, le parquet a dû opérer une volte-face.",8.0,écrite,écrire,VERB,VERB,Gender=Fem|Number=Sing|Tense=Past|VerbForm=Part,6.0,acl,6:acl,_,1.0
113712,429112,"Il s'agit de la plus longue phase d'expansion de l'économie suisse depuis les années 80, ",écrit, le groupe.,20.0,écrit,écrire,VERB,VERB,Gender=Masc|Number=Sing|Tense=Past|VerbForm=Part,3.0,parataxis,3:parataxis,_,1.0
114307,431433,"Les foules qui me suivent m'emportent au-delà de mon chagrin, mais je suis seul, définitivement seul"""", ",écrivait," l'animateur de l'émission dominicale """"Chanter la vie"""".",22.0,écrivait,écrire,VERB,VERB,Mood=Ind|Number=Sing|Person=3|Tense=Imp|VerbForm=Fin,2.0,parataxis,2:parataxis,_,3.0
115124,434584,"Le personnel est victime de la guerre des prix qui sévit dans le secteur, ",écrit, le syndicat.,16.0,écrit,écrire,VERB,VERB,Mood=Ind|Number=Sing|Person=3|Tense=Pres|VerbForm=Fin,4.0,parataxis,4:parataxis,_,1.0
115256,435034,"Donc, une phrase ne devrait jamais commencer par une formule mathématique ou un nombre ",écrit," numériquement, car ces derniers ne peuvent pas comporter de majuscule.",16.0,écrit,écrire,VERB,VERB,Gender=Masc|Number=Sing|Tense=Past|VerbForm=Part,15.0,acl,15:acl,_,1.0
115467,435843,Paris est sa banlieue« Je ne vois pas l'intérêt d'un label Paris-Plages » ,écrit," Vincent Jarousseau, maire adjoi...",19.0,écrit,écrire,VERB,VERB,Mood=Ind|Number=Sing|Person=3|Tense=Pres|VerbForm=Fin,8.0,parataxis,8:parataxis,_,2.0
117531,443984,"Comment sera assuré le jugement des principaux responsables de crimes, qui pourraient relever de la compétence de la CPI"""", ",écrit," M. Moreno, qui mentionne en outre le cas des dirigeants politiques suspectés de liens avec les paramilitaires.",23.0,écrit,écrire,VERB,VERB,Mood=Ind|Number=Sing|Person=3|Tense=Pres|VerbForm=Fin,3.0,parataxis,3:parataxis,_,1.0
119352,451040,"On peut en attribuer la responsabilité à des petits hommes verts, mais si l'on reste dans les limites de la raison, nous parlons précisément d'empoisonnement"""", a ",écrit, Egor Gaïdar.,33.0,écrit,écrire,VERB,VERB,Gender=Masc|Number=Sing|Tense=Past|VerbForm=Part,2.0,parataxis,2:parataxis,_,2.0
119461,451474,Les seuls courriels qui parviennent à Bill Gates sont ceux provenant de correspondants à qui il a déjà ,écrit,", par exemple des contacts de chez Intel et HP.",19.0,écrit,écrire,VERB,VERB,Gender=Masc|Number=Sing|Tense=Past|VerbForm=Part,13.0,acl:relcl,13:acl:relcl,SpaceAfter=No,1.0
119597,451980,Les Hilaliens ont une tradition orale et ,écrite, en langue arabe hilalien.,8.0,écrite,écrire,VERB,VERB,Gender=Fem|Number=Sing|Tense=Past|VerbForm=Part,6.0,conj,6:conj,_,1.0
120889,456812,"Enfin, pour France-Soir, il faut absolument réformer notre système judiciaire «Il faut se rendre à l'évidence, ",écrit," le journal, un homme seul ne peut instruire à charge et à décharge.",24.0,écrit,écrire,VERB,VERB,Mood=Ind|Number=Sing|Person=3|Tense=Pres|VerbForm=Fin,17.0,advcl,17:advcl,_,1.0
123513,466808,Il écrira après sa libération qu'il à été torturé jusqu'à ce qu'il déclare ne plus ,écrire, (déclaration publiée dans des journaux européens).,19.0,écrire,écrire,VERB,VERB,VerbForm=Inf,16.0,xcomp,16:xcomp,_,3.0
126425,477490,Jamais il n'eut le droit d',écrire, ou de recevoir des lettres.,8.0,écrire,écrire,VERB,VERB,VerbForm=Inf,6.0,acl,6:acl,_,1.0
127001,479556,Elles manifestent des signes évidents d'un trouble de l'apprentissage du langage oral et/ou ,écrit," de type """"dyslexie /dysorthographie"""", non traité depuis l'enfance.",18.0,écrit,écrire,VERB,VERB,Gender=Masc|Number=Sing|Tense=Past|VerbForm=Part,14.0,conj,14:conj,_,1.0
127686,482207,Les pièces ainsi ,écrites, sont interprétées par les élèves à l'occasion d'un concert dans la grande salle de la Cité de la Musique.,4.0,écrites,écrire,VERB,VERB,Gender=Fem|Number=Plur|Tense=Past|VerbForm=Part,2.0,acl,2:acl,_,1.0
127889,482943,"Rappelant avoir """"communiqué aux autorités la nature des déchets"""", elle rejette la faute sur la société Tommy, à qui elle réaffirme avoir dit """"par ",écrit," que les déchets devaient être éliminés """"conformément aux lois du pays"""".",30.0,écrit,écrire,VERB,VERB,Gender=Masc|Number=Sing|Tense=Past|VerbForm=Part,27.0,obl:mod,27:obl:mod,SpaceAfter=No,3.0
128172,483907,"Les caractéristiques comprennent assez de touches pour taper avec les dix doigts, un trackball et un stylet pour faciliter la navigation, la capacité d'",écrire, directement sur l'écran tactile.,27.0,écrire,écrire,VERB,VERB,VerbForm=Inf,25.0,acl,25:acl,_,1.0
128312,484356,"Elle déroule ensuite la longue histoire d'artistes d'abord soucieux de transformer radicalement le monde, """"rejetant l'art et la littérature comme fin en soi"""", ",écrit," Xavier Canonne, mais interrogeant l'image, le son, les sens, le langage.",31.0,écrit,écrire,VERB,VERB,Mood=Ind|Number=Sing|Person=3|Tense=Pres|VerbForm=Fin,2.0,parataxis,2:parataxis,_,1.0
128591,485580,"Pourquoi, Dieu du ciel, devrions-nous lire un livre d'un idiot instruit qui ",écrit," mal, bourré de perversions sexuelles, d'idéologie raciste et de vieilles croyances à la destinée?",18.0,écrit,écrire,VERB,VERB,Mood=Ind|Number=Sing|Person=3|Tense=Pres|VerbForm=Fin,15.0,acl:relcl,15:acl:relcl,_,1.0
128635,485715,Union : Le SNAC est aujourd'hui la seule organisation nationale syndicale à pouvoir statutairement réunir tous ceux qui font métier d',écrire,", de composer ou de mettre en espace.",22.0,écrire,écrire,VERB,VERB,VerbForm=Inf,19.0,xcomp,19:xcomp,SpaceAfter=No,1.0
129822,490020,"La reine a accompli ses devoirs sans qu'on puisse jamais deviner ses vues personnelles, ",écrit, l'éditorialiste du Times.,18.0,écrit,écrire,VERB,VERB,Gender=Masc|Number=Sing|Tense=Past|VerbForm=Part,5.0,parataxis,5:parataxis,_,1.0
130056,490950,"Par contre, """"la famille, les amis et Dieu, c'est ce qui nous fait avancer dans nos vies"""" ",écrit, une équipe.,24.0,écrit,écrire,VERB,VERB,Mood=Ind|Number=Sing|Person=3|Tense=Pres|VerbForm=Fin,6.0,parataxis,6:parataxis,_,1.0
130565,492880,La sortie de l'album est accompagnée par deux singles ,écrits," et composés par Jean-Jacques Goldman : """"Tu es d'un chemin"""" et """"On pardonne"""".",11.0,écrits,écrire,VERB,VERB,Gender=Masc|Number=Plur|Tense=Past|VerbForm=Part,10.0,acl,10:acl,_,1.0
130915,494255,"Le pire est peut-être à venir: une nouvelle guerre pour garantir les fournitures de gaz et de pétrole, qui mettrait l'espèce humaine au bord de l'holocauste final"""", ",écrit, le président cubain.,34.0,écrit,écrire,VERB,VERB,Mood=Ind|Number=Sing|Person=3|Tense=Pres|VerbForm=Fin,6.0,parataxis,6:parataxis,_,1.0
131280,495621,"Nos dirigeants doivent changer de cap pour écarter les Nigérians de l'anarchie qui menace à l'horizon"""", a ",écrit, ce journal.,22.0,écrit,écrire,VERB,VERB,Gender=Masc|Number=Sing|Tense=Past|VerbForm=Part,3.0,parataxis,3:parataxis,_,1.0
131886,498010,"Bien au contraire, dans son idéal, (la République) est à l'opposé du régime de Ben Ali"""", ",écrit, encore le secrétaire national du PS.,24.0,écrit,écrire,VERB,VERB,Mood=Ind|Number=Sing|Person=3|Tense=Pres|VerbForm=Fin,16.0,parataxis,16:parataxis,_,2.0
132400,500034,"Les pauvres sont les plus touchés"""", ",écrit," l'ONG, en rappelant que la grande majorité des fermiers du Liban sud sont de petits exploitants possédant moins d'un hectare chacun.",10.0,écrit,écrire,VERB,VERB,Mood=Ind|Number=Sing|Person=3|Tense=Pres|VerbForm=Fin,7.0,parataxis,7:parataxis,_,1.0
132836,501739,Je ne veux pas dire que tous nos lecteurs adhèrent à nos idées mais ceux qui ,écrivent, sont ceux qui sont d'accord.,17.0,écrivent,écrire,VERB,VERB,Mood=Ind|Number=Plur|Person=3|Tense=Pres|VerbForm=Fin,15.0,acl:relcl,15:acl:relcl,_,1.0
134201,506937,"Maîtrise l'anglais : Lu, ",écrit,", parlé.",7.0,écrit,écrire,VERB,VERB,Gender=Masc|Number=Sing|Tense=Past|VerbForm=Part,5.0,conj,5:conj,SpaceAfter=No,1.0
134354,507434,Où il est question d'une machine à ,écrire,", d'un écrivain psychopathe, de cauchemars, et des raisons qui ont poussé Soda à devenir policier.",9.0,écrire,écrire,VERB,VERB,VerbForm=Inf,7.0,acl,7:acl,SpaceAfter=No,3.0
135560,511874,"Lecteur fidèle, je suis assommé par votre choix"""", ",écrit, Maxence.,12.0,écrit,écrire,VERB,VERB,Mood=Ind|Number=Sing|Person=3|Tense=Pres|VerbForm=Fin,6.0,parataxis,6:parataxis,_,1.0
136414,514905,Ces questions sont posées par ,écrit,", et procureur et avocat les étudient de près.",6.0,écrit,écrire,VERB,VERB,Gender=Masc|Number=Sing|Tense=Past|VerbForm=Part,4.0,obl:mod,4:obl:mod,SpaceAfter=No,1.0
136438,514960,"Ce grand intellectuel qui a toujours combattu pour les libertés nous rappelle que les valeurs démocratiques de l'Union européenne ne sont pas négociables"""", ",écrit, Ségolène Royal.,27.0,écrit,écrire,VERB,VERB,Mood=Ind|Number=Sing|Person=3|Tense=Pres|VerbForm=Fin,12.0,parataxis,12:parataxis,_,2.0
138597,523077,"Prendre directement pour cible des civils, comme dans l'attentat à la mine antipersonnel survenu à Kebitigollewa, ne peut en aucun cas être justifié"""", ont ",écrit, les séparatistes.,31.0,écrit,écrire,VERB,VERB,Gender=Masc|Number=Sing|Tense=Past|VerbForm=Part,22.0,parataxis,22:parataxis,_,1.0
139208,525361,"Ces quelques lignes, ",écrites," lors de la première édition, gardent tout leur sens au travail de mise à jour et de réalisation de cette seconde édition.",5.0,écrites,écrire,VERB,VERB,Gender=Fem|Number=Plur|Tense=Past|VerbForm=Part,3.0,acl,3:acl,_,1.0
139696,526949,"L'animisme, ",écrivait," Pasternak, n'est rien de plus que """"le sentiment aristocratique d'égalité avec tout ce qui vit"""".",4.0,écrivait,écrire,VERB,VERB,Mood=Ind|Number=Sing|Person=3|Tense=Imp|VerbForm=Fin,0.0,root,0:root,_,1.0
141010,532191,"Il est temps que ces entreprises soient tenues responsables de leur contribution à cette crise"""", ",écrit, encore M. Lockyer.,18.0,écrit,écrire,VERB,VERB,Mood=Ind|Number=Sing|Person=3|Tense=Pres|VerbForm=Fin,3.0,parataxis,3:parataxis,_,2.0
141329,533404,"Je ne l'ai pas fait professionnellement avec un professeur ou une méthode mais chaque jour, après mon travail, au long de mes pérégrinations dans le """"quartier"""", j'écoutais, j'",écrivais," et je répétais comme un petit, un enfant.",37.0,écrivais,écrire,VERB,VERB,Mood=Ind|Number=Sing|Person=1|Tense=Imp|VerbForm=Fin,34.0,conj,34:conj,_,1.0
141338,533430,Si vous utilisez un logiciel de traitement de texte (à moins d'être un passionné de préhistoire et d'utiliser la machine à ,écrire,"), il faut justifier le texte et appliquer la césure.",25.0,écrire,écrire,VERB,VERB,VerbForm=Inf,23.0,acl,23:acl,SpaceAfter=No,1.0
145376,548584,Chaque processeur effectue alors l'ensemble des opérations sélection - opérateurs - évaluation - remplacement en lisant et ,écrivant, dans le fichier de la population.,19.0,écrivant,écrire,VERB,VERB,Tense=Pres|VerbForm=Part,17.0,conj,17:conj,_,1.0
146141,551412,"De toute façon, il faut se garder de faire des scénarios trop définis : la preuve, ",écrit," le Star, c'est que Stephen Harper est en train de se discréditer aux yeux du ROC (rest of Canada) en pactisant avec le diable (le Bloc).",19.0,écrit,écrire,VERB,VERB,Mood=Ind|Number=Sing|Person=3|Tense=Pres|VerbForm=Fin,17.0,acl,17:acl,_,2.0
147633,557098,Le ministère a fait part de son engagement à recruter les infirmiers ayant réussi avec succès les tests oral et ,écrit, et de tenir compte du classement des résultats lors de la nomination.,21.0,écrit,écrire,VERB,VERB,Gender=Masc|Number=Sing|Tense=Past|VerbForm=Part,19.0,conj,19:conj,_,1.0
147778,557695,C'est à cette époque qu'il commence à ,écrire, The Organization of Behavior.,10.0,écrire,écrire,VERB,VERB,VerbForm=Inf,8.0,xcomp,8:xcomp,_,3.0
148425,560155,"Bon, on m'a demandé d'écrire des sujets qui m'intéressaient d'",écrire," et puis, petit à petit, on met un doigt, la main et un jour on finit par lancer vraiment un magazine.",8.0,écrire,écrire,VERB,VERB,VerbForm=Inf,6.0,xcomp,6:xcomp,_,1.0
149025,562449,"Les subsahariens se nourrissent de rats"""", ",écrivent," certains, les accusant parfois d'être des """"mangeurs de bébés"""".",10.0,écrivent,écrire,VERB,VERB,Mood=Ind|Number=Plur|Person=3|Tense=Pres|VerbForm=Fin,5.0,parataxis,5:parataxis,_,1.0
150354,567289,"Mais la forte dépendance au marché américain ralentira la croissance de Dufry"""", ",écrit, la banque.,16.0,écrit,écrire,VERB,VERB,Mood=Ind|Number=Sing|Person=3|Tense=Pres|VerbForm=Fin,9.0,parataxis,9:parataxis,_,1.0
150479,567731,"Les catholiques de Chine sont un """"petit troupeau"""" (8 à 12 millions), exemplaire par sa """"fidélité"""", témoin d'une foi """"persécutée"""", ",écrit," le pape, mais sa """"normalisation"""" serait un pas de géant pour les libertés.",33.0,écrit,écrire,VERB,VERB,Mood=Ind|Number=Sing|Person=3|Tense=Pres|VerbForm=Fin,9.0,parataxis,9:parataxis,_,1.0
150505,567876,"Il meurt en 1972, alors que, alcoolique et atteint d'emphysème pulmonaire, il avait arrêté d'",écrire, depuis neuf ans.,20.0,écrire,écrire,VERB,VERB,VerbForm=Inf,18.0,xcomp,18:xcomp,_,1.0
150678,568576,"Des pages de dictionnaires, aux clones, à la Grande Maquette ou encore aux dessins noirs, l'uvre de Barbier articule profondément le langage et la mémoire au désir, en ce lieu où peindre, dessiner, sculpter, ",écrire, sont une même chose.,43.0,écrire,écrire,VERB,VERB,VerbForm=Inf,37.0,conj,37:conj,_,1.0
151978,573440,Dans l'acte d',écrire,", la main est très sollicitée, il est donc important de travailler cette partie du corps de manière spécifique.",5.0,écrire,écrire,VERB,VERB,VerbForm=Inf,3.0,acl,3:acl,SpaceAfter=No,2.0
152721,576190,"Hélène Carrère d'Encausse, peu suspecte de complaisance pour la Révolution d'octobre, ",écrit,": """" Le pays qui veut la paix et la terre n'en finit pas d'attendre.(...)",16.0,écrit,écrire,VERB,VERB,Mood=Ind|Number=Sing|Person=3|Tense=Pres|VerbForm=Fin,0.0,root,0:root,SpaceAfter=No,1.0
154234,581791,"«La francophonie dans cette province nord-américaine n'est certainement pas une simple langue de communication, c'est toute une raison d'être, un réel combat pour l'indépendance», ",écrit,"-elle, admirative.",34.0,écrit,écrire,VERB,VERB,Mood=Ind|Number=Sing|Person=3|Tense=Pres|VerbForm=Fin,14.0,parataxis,14:parataxis,SpaceAfter=No,1.0
154651,583357,"Je rends hommage à sa mémoire"""", a ",écrit, M. Sarkozy.,10.0,écrit,écrire,VERB,VERB,Gender=Masc|Number=Sing|Tense=Past|VerbForm=Part,2.0,parataxis,2:parataxis,_,2.0
155855,587865,"Rio et BHP ont tous deux la capacité d'acquérir simultanément Alcoa et (sa filiale à 60%) Alumina"""", ",écrit," notamment JP Morgan, qui évalue l'opération entre 46 et 57 milliards de dollars, par une combinaison de titres et de dette.",24.0,écrit,écrire,VERB,VERB,Mood=Ind|Number=Sing|Person=3|Tense=Pres|VerbForm=Fin,4.0,parataxis,4:parataxis,_,1.0
155894,588010,"Cet article de Bruno Fieux, à la direction qualité d'Astrium France, présente deux structures possibles pour ",écrire, ou mettre à jour ce manuel et en donne les principaux avantages et inconvénients.,20.0,écrire,écrire,VERB,VERB,VerbForm=Inf,17.0,acl,17:acl,_,1.0
156071,588720,"Son soutien actuel, la consommation, ne saurait suffire à une croissance pérenne, ",écrit,"-il ; les vrais leviers, ce sont le travail, la compétitivité, l'innovation.",16.0,écrit,écrire,VERB,VERB,Mood=Ind|Number=Sing|Person=3|Tense=Pres|VerbForm=Fin,9.0,parataxis,9:parataxis,SpaceAfter=No,1.0
156344,589640,Ce cours est destiné à préparer les étudiants pour une meilleure expression tant ,écrite, qu'orale dans la perspective de leur entrée prochaine dans la vie professionnelle.,14.0,écrite,écrire,VERB,VERB,Gender=Fem|Number=Sing|Tense=Past|VerbForm=Part,12.0,acl,12:acl,_,1.0
157652,594423,"Une légende, mise par ",écrit," au XVe siècle, raconte la fondation de l’abbaye de Montebourg : partis de Savoie, deux ermites s’arrêtent un soir sur une plage normande.",6.0,écrit,écrire,VERB,VERB,Gender=Masc|Number=Sing|Tense=Past|VerbForm=Part,4.0,obl:mod,4:obl:mod,_,1.0
157675,594506,"Il figure dans les Actes des Apôtres, livre ",écrit, autour de 80 et qui raconte l'histoire des premières communautés chrétiennes.,10.0,écrit,écrire,VERB,VERB,Gender=Masc|Number=Sing|Tense=Past|VerbForm=Part,9.0,acl,9:acl,_,2.0
158584,597917,"D'autres vont avoir le bonheur de connaître la phase rationnelle"""", ",écrit,"-il, Ségolène Royal ayant annoncé une réorganisation de son équipe.",14.0,écrit,écrire,VERB,VERB,Mood=Ind|Number=Sing|Person=3|Tense=Pres|VerbForm=Fin,3.0,parataxis,3:parataxis,SpaceAfter=No,1.0
158596,597973,"Les autorités se proposent d'investir globalement dans l'économie de la ville 12 milliards de dollars"""", ",écrit, le quotidien belge.,20.0,écrit,écrire,VERB,VERB,Gender=Masc|Number=Sing|Tense=Past|VerbForm=Part,4.0,parataxis,4:parataxis,_,1.0
159422,601165,"Un médecin n'exclut pas qu'au terme de semaines éprouvantes il ait somatisé"""", ",écrivent, les auteurs du livre.,17.0,écrivent,écrire,VERB,VERB,Mood=Ind|Number=Plur|Person=3|Tense=Pres|VerbForm=Fin,4.0,parataxis,4:parataxis,_,1.0
160645,605608,"En un mot, l'histoire jusqu'ici jamais ",écrite," d'un Bach qui n'a jamais été oublié, qui est sans fin recommencé, et qui, toujours plus présent, s'impose comme l'instaurateur de notre propre goût.",10.0,écrite,écrire,VERB,VERB,Gender=Fem|Number=Sing|Tense=Past|VerbForm=Part,6.0,acl,6:acl,_,1.0
160911,606696,"Pourtant, il est fort à parier que les onze chansons de ce premier album ",écrites," et pour l'essentiel jouées par Zach Condon, un New-Yorkais de 19 ans deviennent vite la dernière sensation hype du moment.",16.0,écrites,écrire,VERB,VERB,Gender=Fem|Number=Plur|Tense=Past|VerbForm=Part,11.0,acl,11:acl,_,1.0
163313,615918,"Ainsi sous une photographie dans une exposition par exemple, on pourra trouver l'énoncé """"sans titre"""" ",écrit, noir sur blanc.,20.0,écrit,écrire,VERB,VERB,Gender=Masc|Number=Sing|Tense=Past|VerbForm=Part,18.0,acl,18:acl,_,3.0
163330,615972,"Les examens sont de 2 heures chacun, individuels, ",écrits, et sans document.,11.0,écrits,écrire,VERB,VERB,Gender=Masc|Number=Plur|Tense=Past|VerbForm=Part,9.0,conj,9:conj,_,1.0
163675,617268,"Même dans son âge avancé, il n'a cessé d'",écrire,", pour signer les plus belles de ses œuvres.",12.0,écrire,écrire,VERB,VERB,VerbForm=Inf,10.0,xcomp,10:xcomp,SpaceAfter=No,1.0
164027,618533,"Je reviens sur ma décision, Bosch je connais vaguement, mais Guerre de la Ligue, je me sens pas de vraiment plagier Poulpy en ",écrivant, La Guerre de la Ligue fut une guerre.,27.0,écrivant,écrire,VERB,VERB,Tense=Pres|VerbForm=Part,20.0,advcl,20:advcl,_,1.0
164571,620478,"Ainsi, le fabricant de machines à ",écrire," Oliver utilise, en 1914, un film publicitaire intitulé """" le roman de la petite dactylo """" dans lequel la jeune Janine sauve sa famille de la misère.",8.0,écrire,écrire,VERB,VERB,VerbForm=Inf,4.0,acl,4:acl,_,1.0
165048,622248,"Le joueur brésilien, qui souffre d'une """"entorse au genou gauche"""", devrait """"être forfait pour une période supérieure à trois semaines"""", ",écrit, le club.,29.0,écrit,écrire,VERB,VERB,Mood=Ind|Number=Sing|Person=3|Tense=Pres|VerbForm=Fin,16.0,parataxis,16:parataxis,_,1.0
165237,622938,Ravel a de plus en plus de mal à ,écrire,", à se déplacer, à se concentrer, ne reconnaît plus parfois sa musique.",10.0,écrire,écrire,VERB,VERB,VerbForm=Inf,2.0,xcomp,2:xcomp,SpaceAfter=No,1.0
165294,623165,Les activités dont tu parles (,écrire,", conduire, faire du vélo) font partie d'une mémoire différente que la mémoire des souvenirs.",7.0,écrire,écrire,VERB,VERB,VerbForm=Inf,2.0,acl,2:acl,SpaceAfter=No,1.0
165479,623890,Donc j',écris, juste pour dire ke JA est très belle au naturel et ke kan on est enceinte on a plus envie de mettre des fringues confortables ke des fringues fashion.,3.0,écris,écrire,VERB,VERB,Mood=Ind|Number=Sing|Person=1|Tense=Pres|VerbForm=Fin,0.0,root,0:root,_,1.0
166011,625924,"Ces sites deviendront une aubaine pour les cybervoleurs», ",écrit," CA, qui déplore les «préoccupations relativement inexistantes à l'égard de la sécurité informatique» sur les MySpace et autres Facebook.",11.0,écrit,écrire,VERB,VERB,Mood=Ind|Number=Sing|Person=3|Tense=Pres|VerbForm=Fin,3.0,parataxis,3:parataxis,_,1.0
167434,631228,"D'autre part, la manière d'",écrire, doit refléter la manière de dialoguer de manière réelle.,8.0,écrire,écrire,VERB,VERB,VerbForm=Inf,6.0,acl,6:acl,_,2.0
167439,631242,"A l'époque, l'écriture des noms était phonétique et il pouvait y avoir des problèmes de compréhension dus aux accents Étrangers et Patois ou de lecture d'actes mal ",écrits, (certains actes ont été retranscrits plusieurs fois).,32.0,écrits,écrire,VERB,VERB,Gender=Masc|Number=Plur|Tense=Past|VerbForm=Part,30.0,acl,30:acl,_,2.0
167752,632574,"Nul ne peut prendre au sérieux ce procédé et croire qu'il prônerait un culte vaudou tel que pratiqué aux Antilles"""", ont ",écrit," les magistrats du TGI.""""",25.0,écrit,écrire,VERB,VERB,Gender=Masc|Number=Sing|Tense=Past|VerbForm=Part,3.0,parataxis,3:parataxis,_,3.0
167945,633301,"Nous sommes à un tournant de la guerre», ",écrit," Alex Fishman, un éditorialiste du quotidien à grand tirage Yédiot Aharonot.",11.0,écrit,écrire,VERB,VERB,Mood=Ind|Number=Sing|Person=3|Tense=Pres|VerbForm=Fin,5.0,parataxis,5:parataxis,_,3.0
169084,637712,"A un premier niveau il est possible de participer sans entrer dans les arcanes compliquées de la conception de site, ",écrire," simplement, consultez cette page.",22.0,écrire,écrire,VERB,VERB,VerbForm=Inf,7.0,dep,7:dep,_,1.0
169579,639593,"«Quand ils ont su que le pont était construit par un aveugle, ils n'ont pas arrêté le chantier», ",écrit, l'agence.,24.0,écrit,écrire,VERB,VERB,Mood=Ind|Number=Sing|Person=3|Tense=Pres|VerbForm=Fin,19.0,parataxis,19:parataxis,_,1.0
170761,644053,"L'homme le plus riche de France peut du coup se contenter d'un """"salaire de misère"""", ",écrit, le magazine.,21.0,écrit,écrire,VERB,VERB,Mood=Ind|Number=Sing|Person=3|Tense=Pres|VerbForm=Fin,8.0,parataxis,8:parataxis,_,1.0
171996,648740,Légende d'ailleurs et d'ici est une oeuvre collective ,écrite, et illustrée par des jeunes de 14 ans - 15 ans de Montréal.,11.0,écrite,écrire,VERB,VERB,Gender=Fem|Number=Sing|Tense=Past|VerbForm=Part,9.0,acl,9:acl,_,3.0
173390,654026,"Ces deux courants partagent deux concepts de base, le mode musical (""""raga"""") et le style rythmique (""""tala"""") et comprennent de nombreux genres lyriques et instrumentaux"""", ",écrit, l'expert.,37.0,écrit,écrire,VERB,VERB,Mood=Ind|Number=Sing|Person=3|Tense=Pres|VerbForm=Fin,4.0,parataxis,4:parataxis,_,1.0
173486,654361,"Après un certain temps, lorsque Mary n'avait plus d'inspiration pour ",écrire,", sa fille Denise alors âgée de 13-14 ans accompagna sa mère au piano.",14.0,écrire,écrire,VERB,VERB,VerbForm=Inf,9.0,xcomp,9:xcomp,SpaceAfter=No,1.0
174258,657283,"Au lendemain de la révolution de 1830, pour des raisons pécuniaires, il cesse d’",écrire, et retourne dans son village.,17.0,écrire,écrire,VERB,VERB,VerbForm=Inf,15.0,xcomp,15:xcomp,_,1.0
174350,657586,"La condition de résidence depuis 3 ans en Belgique, imposé par le code de nationalité, n'est pas remplie par le chanteur"""", ",écrit, le quotidien populaire La Dernière-Heure.,27.0,écrit,écrire,VERB,VERB,Mood=Ind|Number=Sing|Person=3|Tense=Pres|VerbForm=Fin,21.0,parataxis,21:parataxis,_,1.0
175515,662083,"Cibler davantage les élèves en difficultés (problème pour lire, ",écrire,", apprendre les leçons).",12.0,écrire,écrire,VERB,VERB,VerbForm=Inf,10.0,conj,10:conj,SpaceAfter=No,2.0
177926,671073,"Il a connu l'une des périodes les plus compliquées de l'histoire russe en assumant la responsabilité historique des destinées de la nation qui a cru en lui et qui l'a soutenu"""", ",écrit, le numéro un tchétchène.,37.0,écrit,écrire,VERB,VERB,Mood=Ind|Number=Sing|Person=3|Tense=Pres|VerbForm=Fin,3.0,parataxis,3:parataxis,_,1.0
178580,673677,Les programmes étant plus simples à ,écrire, si les opérations d'E/S sont bloquantes.,7.0,écrire,écrire,VERB,VERB,VerbForm=Inf,5.0,xcomp,5:xcomp,_,1.0
181130,683692,"On peut penser qu'il en va de même pour les conflits : on efface et on tourne la page [même sens : oubli et non citation indéfinie], pour repartir d'un pas nouveau, au lieu d'",écrire, et de ficher pour mémoire.,42.0,écrire,écrire,VERB,VERB,VerbForm=Inf,40.0,acl,40:acl,_,1.0
181408,684792,Son biographe Royston Ellis ,écrit, ainsi : « Maumoon a considéré comme un privilège de pouvoir entendre Sayyid Qutb »[1].,5.0,écrit,écrire,VERB,VERB,Mood=Ind|Number=Sing|Person=3|Tense=Pres|VerbForm=Fin,0.0,root,0:root,_,1.0
183252,691480,"Remarque, je me suis fait un bandeau auto-collant que je me colle sur le front, """"Gogo"""", j'ai ",écrit, dessus...,24.0,écrit,écrire,VERB,VERB,Gender=Masc|Number=Sing|Tense=Past|VerbForm=Part,6.0,acl,6:acl,_,1.0
185196,698775,"Scott Fitzgerald n'est encore qu'un lieutenant en 1918, mais il a déjà une allure folle, le goût d'",écrire, et le désir absolu d'être publié.,23.0,écrire,écrire,VERB,VERB,VerbForm=Inf,21.0,acl,21:acl,_,1.0
185957,701436,Une possibilité de contrôle supplémentaire oral ou ,écrit, pour les résultats tangents.,8.0,écrit,écrire,VERB,VERB,Gender=Masc|Number=Sing|Tense=Past|VerbForm=Part,6.0,conj,6:conj,_,1.0
186307,702783,"Si Berlusconi refuse de l'appuyer, ce gouvernement sera tout sauf ce que le président souhaitait pour le pays"""", ",écrit," Sergio Romano, éditorialiste du quotidien.",23.0,écrit,écrire,VERB,VERB,Mood=Ind|Number=Sing|Person=3|Tense=Pres|VerbForm=Fin,13.0,parataxis,13:parataxis,_,1.0
187972,709071,Un médecin lui répond par ,écrit," : """"Ce que tu as appris dans ton épreuve, les autres mettent de nombreuses années de leur existence à le comprendre"""".",6.0,écrit,écrire,VERB,VERB,Gender=Masc|Number=Sing|Tense=Past|VerbForm=Part,4.0,obl:mod,4:obl:mod,_,1.0
188324,710365,"Nous croyons important que partout au Kosovo, là où des citoyens reconnaissent la République de Serbie comme leur Etat, ils puissent choisir démocratiquement leur propre représentants municipaux et parlementaires"""", ",écrit, M. Tadic.,34.0,écrit,écrire,VERB,VERB,Mood=Ind|Number=Sing|Person=3|Tense=Pres|VerbForm=Fin,23.0,parataxis,23:parataxis,_,2.0
188397,710639,Certains programmes mal ,écrits, peuvent en être gênés ; contactez votre revendeur et insistez pour qu'il corrige son code si cela arrivait.,4.0,écrits,écrire,VERB,VERB,Gender=Masc|Number=Plur|Tense=Past|VerbForm=Part,2.0,acl,2:acl,_,1.0
188845,712423,"En bon Breton, il monte à Paris, trouve un emploi sur un chantier, commence à ",écrire,", change plusieurs fois de métier.",19.0,écrire,écrire,VERB,VERB,VerbForm=Inf,17.0,xcomp,17:xcomp,SpaceAfter=No,1.0
189042,713223,Avec sa fidèle machine à ,écrire," Royal, pieds nus sur une peau de lion, c'est là qu'il écrivit Pour qui sonne le glas et Le Vieil Homme et la mer.",6.0,écrire,écrire,VERB,VERB,VerbForm=Inf,4.0,acl,4:acl,_,2.0
189158,713703,"Les accusés ont systématiquement détruit des preuves en plus de livrer des faux témoignages sous serment pour camoufler leur geste », a ",écrit, Florence-Marie Cooper dans son jugement rendu public lundi.,24.0,écrit,écrire,VERB,VERB,Gender=Masc|Number=Sing|Tense=Past|VerbForm=Part,5.0,parataxis,5:parataxis,_,1.0
190261,717818,Nous avons pour ambition de promouvoir et d'enseigner l'art d',écrire, à des fins artistiques et professionnelles.,13.0,écrire,écrire,VERB,VERB,VerbForm=Inf,11.0,acl,11:acl,_,1.0
191586,722727,Cela comprendra des réductions d'impôts et des mesures destinées à 'stabiliser les marchés intérieurs de capitaux' et à soutenir 'un développement sain du marché du logement ,écrit," Frank Gong, chef économiste de JPMorgan pour la Chine.",32.0,écrit,écrire,VERB,VERB,Mood=Ind|Number=Sing|Person=3|Tense=Pres|VerbForm=Fin,3.0,punct,3:punct,_,3.0
191923,724048,"Tout ce qui met fin à sa torture est bon, avait ",écrit, sa sœur Marie-Caroline dix jours plus tôt.,13.0,écrit,écrire,VERB,VERB,Gender=Masc|Number=Sing|Tense=Past|VerbForm=Part,10.0,parataxis,10:parataxis,_,3.0
192918,727820,"D'une certaine façon, ça mis en évidence dans mon esprit notre façon spéciale de travailler, notre façon d'",écrire,", notre façon de s'entendre, notre façon de faire les choses.",22.0,écrire,écrire,VERB,VERB,VerbForm=Inf,20.0,acl,20:acl,SpaceAfter=No,1.0
194220,732730,Une correspondante ,écrit,": Vous employez les mots """"sale, moche, petit"""", et vous dites qu'il ne s'agit pas de culpabilité?",3.0,écrit,écrire,VERB,VERB,Mood=Ind|Number=Sing|Person=3|Tense=Pres|VerbForm=Fin,0.0,root,0:root,SpaceAfter=No,1.0
195349,736877,"Comme les assignements sont analysés de droite à gauche, vous pouvez aussi bien ",écrire, '$b = $a = 5'. <?,15.0,écrire,écrire,VERB,VERB,VerbForm=Inf,12.0,xcomp,12:xcomp,_,2.0
197497,745139,"Le peuple répond à leurs +politiques+ (à) par un rush sans précédent vers la Tunisie qui accueille chaque été un million de touristes algériens"""", ",écrit, ce lecteur.,31.0,écrit,écrire,VERB,VERB,Mood=Ind|Number=Sing|Person=3|Tense=Pres|VerbForm=Fin,4.0,parataxis,4:parataxis,_,1.0
197600,745509,On apprend aussi qu'il passait ses journées à lire et à ,écrire,", dans son journal personnel, ses pensées mais aussi de la poésie.",13.0,écrire,écrire,VERB,VERB,VerbForm=Inf,10.0,conj,10:conj,SpaceAfter=No,1.0
199259,752084,"L'encyclopédie est gratuite, ",écrite, coopérativement (wiki) et son contenu est librement réutilisable (sous la Licence Art Libre).,6.0,écrite,écrire,VERB,VERB,Gender=Fem|Number=Sing|Tense=Past|VerbForm=Part,4.0,conj,4:conj,_,1.0
199892,754432,"Le soulèvement réflexe d'une partie du monde musulman s'explique par un raccourci volontaire du discours du pape et une ignorance de sa véritable intention"""", a ",écrit, le quotidien indépendant Kurier.,31.0,écrit,écrire,VERB,VERB,Gender=Masc|Number=Sing|Tense=Past|VerbForm=Part,12.0,parataxis,12:parataxis,_,2.0
200642,757121,"La première montréalaise du film """"Le grand départ"""", ",écrit," et réalisé par Claude Meunier, aura lieu à la Place des Arts le 9 décembre.",12.0,écrit,écrire,VERB,VERB,Gender=Masc|Number=Sing|Tense=Past|VerbForm=Part,5.0,acl,5:acl,_,1.0
201664,760977,"Elle venait de divorcer, seule désormais avec ses deux enfants et sa frénésie d'",écrire,", meurtrie d'avoir été plaquée mais heureuse, finalement, de ne plus vivre dans l'ombre de Ted Hughes, le poète, son mari.",16.0,écrire,écrire,VERB,VERB,VerbForm=Inf,14.0,acl,14:acl,SpaceAfter=No,1.0
202212,762817,"L'Eglise a ainsi modelé une société familiale européenne, ",écrit, Martine Segalen.,11.0,écrit,écrire,VERB,VERB,Gender=Masc|Number=Sing|Tense=Past|VerbForm=Part,5.0,parataxis,5:parataxis,_,1.0
203119,766356,"Mais d'autres, beaucoup d'autres, ont été acheminés par bus et par camions jusqu'aux portes du Sahara, en fonction de cette règle non ",écrite, qui veut que l'on expulse un clandestin à l'endroit précis où il a pénétré illégalement dans le pays.,29.0,écrite,écrire,VERB,VERB,Gender=Fem|Number=Sing|Tense=Past|VerbForm=Part,27.0,acl,27:acl,_,1.0
203609,768230,"La note globale est composée de trois notes sur 20 attribuées à une épreuve terminale, ",écrite," ou orale, dans chacune des deux matières choisies par l'étudiant au moment de son inscription pédagogique.",17.0,écrite,écrire,VERB,VERB,Gender=Fem|Number=Sing|Tense=Past|VerbForm=Part,14.0,acl,14:acl,_,1.0
203888,769277,Tout cela n'a rien à voir avec des calculs stratégiques ,écrit, le journal.,12.0,écrit,écrire,VERB,VERB,Mood=Ind|Number=Sing|Person=3|Tense=Pres|VerbForm=Fin,4.0,advcl,4:advcl,_,1.0
205002,773719,"Il est prévu dans les prochains jours qu'un émissaire du Milan arrive dans les bureaux du Barça au Camp Nou un chèque à la main"""", ",écrivait, le journal sans préciser ses sources.,29.0,écrivait,écrire,VERB,VERB,Mood=Ind|Number=Sing|Person=3|Tense=Imp|VerbForm=Fin,3.0,parataxis,3:parataxis,_,1.0
205483,775446,"Cet ensemble de protéines pourrait représenter les origines ancestrales du cerveau"""", ",écrivent, les chercheurs.,15.0,écrivent,écrire,VERB,VERB,Mood=Ind|Number=Plur|Person=3|Tense=Pres|VerbForm=Fin,6.0,parataxis,6:parataxis,_,1.0
205900,777014,"Avec une telle somme, Poulin peut continuer d'",écrire, (et nous de le lire) en paix.,10.0,écrire,écrire,VERB,VERB,VerbForm=Inf,8.0,xcomp,8:xcomp,_,1.0
206844,780347,Ils sinterdisent notamment toute communication ,écrite, ou verbale sur ces sujets et toute remise de documents à des tiers sans laccord écrit et préalable de ladministration.,6.0,écrite,écrire,VERB,VERB,Gender=Fem|Number=Sing|Tense=Past|VerbForm=Part,5.0,acl,5:acl,_,1.0
207239,781691,"Les participations historiques aux élections professionnelles de mars et septembre 2007 (plus de 80%) laissent prévoir une mobilisation de grande ampleur"""", ",écrivent, la CFDT et la CGT.,27.0,écrivent,écrire,VERB,VERB,Mood=Ind|Number=Plur|Person=3|Tense=Pres|VerbForm=Fin,18.0,parataxis,18:parataxis,_,1.0
207388,782321,Je propose la création d'une association regroupant les blogueurs locaux de toute la France» ,écrit,"-il, suscitant un élan de solidarité sur le net.",17.0,écrit,écrire,VERB,VERB,Mood=Ind|Number=Sing|Person=3|Tense=Pres|VerbForm=Fin,2.0,parataxis,2:parataxis,SpaceAfter=No,1.0
207991,784623,"La note globale est composée de deux notes sur 20 attribuées à une épreuve terminale, ",écrite," ou orale, dans chacune des matières choisies par l'étudiant au moment de son inscription pédagogique.",17.0,écrite,écrire,VERB,VERB,Gender=Fem|Number=Sing|Tense=Past|VerbForm=Part,14.0,acl,14:acl,_,1.0
210325,792955,Le Haut Comité de la Santé Publique en mars 1999 aborde les troubles d'apprentissage (langage oral et ,écrit,", calcul) comme un véritable problème de santé publique.",20.0,écrit,écrire,VERB,VERB,Gender=Masc|Number=Sing|Tense=Past|VerbForm=Part,18.0,conj,18:conj,SpaceAfter=No,2.0
210358,793050,"Il faut le temps de se parler, de se décider, de se motiver, d'",écrire,", de recevoir le dossier.",18.0,écrire,écrire,VERB,VERB,VerbForm=Inf,7.0,conj,7:conj,SpaceAfter=No,1.0
212059,799713,"Dans ce cas, le code à ",écrire, est facile parce que le logiciel comprend un mécanisme simple d'extension.,8.0,écrire,écrire,VERB,VERB,VerbForm=Inf,6.0,acl,6:acl,_,2.0
212250,800449,"En France, la machine à ",écrire,", venue des Etats Unis, fait son apparition en 1883.",7.0,écrire,écrire,VERB,VERB,VerbForm=Inf,5.0,acl,5:acl,SpaceAfter=No,3.0
212377,800901,"La faim et la malnutrition sont inacceptables dans un monde qui dispose en réalité de niveaux de production, de ressources et de connaissances suffisants pour mettre un terme à ce genre de drames et à leurs conséquences"""", a ",écrit, le pape.,42.0,écrit,écrire,VERB,VERB,Gender=Masc|Number=Sing|Tense=Past|VerbForm=Part,7.0,parataxis,7:parataxis,_,1.0
212919,803025,"Les avocats de la NSA se sont opposés à cette initiative en soulignant que toute écoute sans mandat devait se limiter aux communications en provenance ou à destination de l'étranger, une position qui a finalement prévalu, ",écrit, encore le journal.,40.0,écrit,écrire,VERB,VERB,Mood=Ind|Number=Sing|Person=3|Tense=Pres|VerbForm=Fin,8.0,parataxis,8:parataxis,_,1.0
213626,805645,Vous comprenez l'idée ,écrit, le critique de mode du New York Times.,5.0,écrit,écrire,VERB,VERB,Gender=Masc|Number=Sing|Tense=Past|VerbForm=Part,4.0,acl,4:acl,_,1.0
213795,806274,"Celui-ci, toujours loyal envers Philippe, lui ",écrit," pour expliquer la situation : il a été proclamé empereur par ses soldats, contre sa volonté.",11.0,écrit,écrire,VERB,VERB,Mood=Ind|Number=Sing|Person=3|Tense=Pres|VerbForm=Fin,0.0,root,0:root,_,1.0
214373,808472,"Un chroniqueur français de l'époque, le colonel Jean Martin de la Colonie, ",écrira, plus tard «nous manquions de temps pour accomplir tout cela d'une manière satisfaisante».,16.0,écrira,écrire,VERB,VERB,Mood=Ind|Number=Sing|Person=3|Tense=Fut|VerbForm=Fin,0.0,root,0:root,_,1.0
215008,810798,"L'argent se faisant rare, il est maintenant réservé aux riches, ",écrit, le journal.,14.0,écrit,écrire,VERB,VERB,Mood=Ind|Number=Sing|Person=3|Tense=Pres|VerbForm=Fin,10.0,parataxis,10:parataxis,_,1.0
215559,812749,"On va sans doute constater, à l'entrée de 2008, une réduction de près d'un emploi pour deux embauches effectuées cette année"""", ",écrit," l'un des auteurs du rapport, Sarah Bloomfield.",29.0,écrit,écrire,VERB,VERB,Mood=Ind|Number=Sing|Person=3|Tense=Pres|VerbForm=Fin,3.0,parataxis,3:parataxis,_,3.0
216413,815963,C'est pourtant un Français qui a ,écrit,": «Rien ne sert de courir, il faut partir à point».",8.0,écrit,écrire,VERB,VERB,Gender=Masc|Number=Sing|Tense=Past|VerbForm=Part,5.0,acl:relcl,5:acl:relcl,SpaceAfter=No,2.0
216460,816143,"Avant vingt heures, je ne diffuse pas de résultats"""", ",écrivait,"-il, offrant également sur sa page un logo prêt à utiliser représentant un haut-parleur barré d'un signe d'interdiction.",14.0,écrivait,écrire,VERB,VERB,Mood=Ind|Number=Sing|Person=3|Tense=Imp|VerbForm=Fin,8.0,parataxis,8:parataxis,SpaceAfter=No,1.0
217307,819600,"Il est à craindre que ce conflit finisse par dégénérer en guerre ethnique"""", ",écrit, l'officier.,16.0,écrit,écrire,VERB,VERB,Mood=Ind|Number=Sing|Person=3|Tense=Pres|VerbForm=Fin,2.0,parataxis,2:parataxis,_,1.0
218923,825557,"Les premiers se sont réunis le 19 novembre dernier à Mbouda pour se désolidariser des actions entreprises par les seconds, visant à ternir l'image d'un parti, ",écrivent,"-ils, meurtri après le double scrutin du 22 juillet 2007.",31.0,écrivent,écrire,VERB,VERB,Mood=Ind|Number=Plur|Person=3|Tense=Pres|VerbForm=Fin,5.0,parataxis,5:parataxis,SpaceAfter=No,2.0
219598,828003,"Pour l'instant, l'interopérabilité ne concerne que la messagerie instantanée « ",écrite, » mais Wengo assure qu'elle sera étendue à la voix et même à la vidéo d'ici la fin de l'année.,14.0,écrite,écrire,VERB,VERB,Gender=Fem|Number=Sing|Tense=Past|VerbForm=Part,11.0,acl,11:acl,_,1.0
221570,835631,"Pour plus d'information, consultez notre site internet ou ",écrivez,"-nous, ce fera un plaisir pour nous de vous répondre!",11.0,écrivez,écrire,VERB,VERB,Mood=Imp|Number=Plur|Person=2|Tense=Pres|VerbForm=Fin,6.0,conj,6:conj,SpaceAfter=No,3.0
222137,837559,"Ce programme, qui concernera 500 salariés devant bénéficier en moyenne de 450 heures de formation, a pour objectifs de leur apprendre à lire, ",écrire, et calculer pour mieux appréhender leur contexte professionnel.,27.0,écrire,écrire,VERB,VERB,VerbForm=Inf,25.0,conj,25:conj,_,1.0
223796,844043,"Une étape facultative qui suit un échange entre différents auteurs, en particulier entre celui qui a eu l'audace d'",écrire, (c'est ce qui est demandé) et celui qui a eu l'audace de le contredire (c'est aussi ce qui est demandé).,22.0,écrire,écrire,VERB,VERB,VerbForm=Inf,20.0,acl,20:acl,_,1.0
224309,846054,"Il faut faire des choix courageux et douloureux», ",écrit,"-il, regrettant qu'Alitalia «ait toujours payé lourdement l'ingérence du pouvoir politique» dans le développement de l'entreprise.",11.0,écrit,écrire,VERB,VERB,Mood=Ind|Number=Sing|Person=3|Tense=Pres|VerbForm=Fin,2.0,parataxis,2:parataxis,SpaceAfter=No,1.0
226246,853276,Alors si l'envie d',écrire," vous assaille, n'hésitez pas à proposer vos poèmes, articles ou autres coups de gueule et pourquoi pas d'intégrer la rédaction pour collaborer à la mise en page.",6.0,écrire,écrire,VERB,VERB,VerbForm=Inf,4.0,acl,4:acl,_,1.0
227510,858128,"Votre absence de volonté de le faire nous a déçu"""", ",écrit," le PDG du groupe Staple, Ronald Sargent.",13.0,écrit,écrire,VERB,VERB,Gender=Masc|Number=Sing|Tense=Past|VerbForm=Part,10.0,parataxis,10:parataxis,_,1.0
228066,860202,"L'expression """" blida """" que les Arabes prononcent et ",écrivent," """" El Blida """" est le diminutif de """" Belda """" qui signifie ville, bourg, petit pays.",11.0,écrivent,écrire,VERB,VERB,Mood=Ind|Number=Plur|Person=3|Tense=Pres|VerbForm=Fin,9.0,conj,9:conj,_,1.0
229056,863943,"Normalement, si les options rsize et wsize ne sont pas précisées, NFS ",écrira, et lira par blocs de 4096 ou 8192 octets.,15.0,écrira,écrire,VERB,VERB,Mood=Ind|Number=Sing|Person=3|Tense=Fut|VerbForm=Fin,0.0,root,0:root,_,1.0
229661,866135,"Il dirigeait, produisait, composait la musique et ",écrivait,: Larson maîtrisait toutes ses productions.,10.0,écrivait,écrire,VERB,VERB,Mood=Ind|Number=Sing|Person=3|Tense=Imp|VerbForm=Fin,2.0,conj,2:conj,SpaceAfter=No,1.0
229949,867105,"L'avenir de La Nouvelle-Orléans, au moins dans un futur proche, dépend de l'attitude de Nagin"""", ",écrit, le Houston Chronicle.,24.0,écrit,écrire,VERB,VERB,Mood=Ind|Number=Sing|Person=3|Tense=Pres|VerbForm=Fin,16.0,parataxis,16:parataxis,_,1.0
230406,868658,Bouddha rieur a ,écrit," :Tant qu'à faire , ils auraient pu au moins faire passer un P3 pour un P4plus de bénéfices!",4.0,écrit,écrire,VERB,VERB,Gender=Masc|Number=Sing|Tense=Past|VerbForm=Part,0.0,root,0:root,_,1.0
230661,869520,Elle dit constater une évolution dans sa façon d',écrire,", possédant maintenant un style plus aguerri, de même qu'une inspiration plus raffinée.",10.0,écrire,écrire,VERB,VERB,VerbForm=Inf,8.0,acl,8:acl,SpaceAfter=No,3.0
231772,873717,Un fois ,écrit,", ils lèvent la main et attendent que le maître passe pour ramasser les feuilles.",3.0,écrit,écrire,VERB,VERB,Gender=Masc|Number=Sing|Tense=Past|VerbForm=Part,6.0,advcl,6:advcl,SpaceAfter=No,1.0
231977,874546,SuperLobo a écrit:Victor78400 a ,écrit,":Tous les trolls pour firefox vont se déchaîner Non, j'utilise Opéra.",3.0,écrit,écrire,VERB,VERB,Gender=Masc|Number=Sing|Tense=Past|VerbForm=Part,0.0,root,0:root,SpaceAfter=No,1.0
232566,876702,"Il s'agit d'une profonde crise idéologique"""", ",écrit," Eitan Haber, l'une des grandes plumes du journal.",11.0,écrit,écrire,VERB,VERB,Mood=Ind|Number=Sing|Person=3|Tense=Pres|VerbForm=Fin,3.0,parataxis,3:parataxis,_,1.0
233181,879122,"Cette pièce, ",écrite," et jouée par Paul Van Mulder, est une création rendue nécessaire parce qu' """" à un moment, il faut en parler, raconter, pour que cela cesse """".",4.0,écrite,écrire,VERB,VERB,Gender=Fem|Number=Sing|Tense=Past|VerbForm=Part,2.0,acl,2:acl,_,1.0
233239,879328,"L'examen final comporte: - une épreuve d'admissibilité, ",écrite,", anonyme, comportant des questions rédactionnelles ou des questions à réponse ouverte et courte (QROC) ou les deux.",12.0,écrite,écrire,VERB,VERB,Gender=Fem|Number=Sing|Tense=Past|VerbForm=Part,8.0,acl,8:acl,SpaceAfter=No,1.0
233413,880002,"En 1868, il est un des inventeurs de la machine à ",écrire, avec Samuel W. Soule et Carlos Glidden ; il avait déposé une machine à numéroter les pages en 1864.,13.0,écrire,écrire,VERB,VERB,VerbForm=Inf,11.0,acl,11:acl,_,3.0
235232,886941,"Une faille infranchissable """"d'environ 175 mètres de profondeur et d'une vingtaine de mètres de largeur"""", ",écrit,"-il, le contraint à rebrousser chemin.",21.0,écrit,écrire,VERB,VERB,Mood=Ind|Number=Sing|Person=3|Tense=Pres|VerbForm=Fin,2.0,parataxis,2:parataxis,SpaceAfter=No,1.0
235564,888153,"L'histoire, ",écrite,", mise en scène et interprétée tout en finesse par Jean-Benoît Ugeux et Anne-Cécile Vandalem, complices au sein de la compagnie Résidence Catherine, a fait son chemin.",4.0,écrite,écrire,VERB,VERB,Gender=Fem|Number=Sing|Tense=Past|VerbForm=Part,2.0,acl,2:acl,SpaceAfter=No,1.0
236248,890751,"Elle risque aussi de modeler en profondeur les années à venir», ",écrit, le quotidien romand.,14.0,écrit,écrire,VERB,VERB,Mood=Ind|Number=Sing|Person=3|Tense=Pres|VerbForm=Fin,2.0,parataxis,2:parataxis,_,2.0
237111,893832,"D'abord, ont ",écrit," les commissaires, «la priorité devrait aller au développement du transport en commun dans le nord-est de l'agglomération» métropolitaine.",5.0,écrit,écrire,VERB,VERB,Gender=Masc|Number=Sing|Tense=Past|VerbForm=Part,12.0,advcl,12:advcl,_,1.0
237884,896720,"Dès l'âge de 5 ans, elle a commencé à ",écrire,", probablement influencée par ses parents, qui lui racontaient 'beaucoup d'histoires', dit-t-elle.",12.0,écrire,écrire,VERB,VERB,VerbForm=Inf,10.0,xcomp,10:xcomp,SpaceAfter=No,2.0
237887,896731,"Ce récit, fort bien ",écrit,", ne peut qu'inciter les enfants à lire d'autres ouvrages sur les aventures des Chevaliers de la Table Ronde.",6.0,écrit,écrire,VERB,VERB,Gender=Masc|Number=Sing|Tense=Past|VerbForm=Part,2.0,acl,2:acl,SpaceAfter=No,1.0
238619,899352,"Dire le contraire serait une négation de la vérité"""", ",écrit, le député PS.,12.0,écrit,écrire,VERB,VERB,Mood=Ind|Number=Sing|Person=3|Tense=Pres|VerbForm=Fin,6.0,parataxis,6:parataxis,_,2.0
238700,899687,Veillez à rester courtois et à respecter les personnes à qui vous ,écrivez,", ou répondez.",13.0,écrivez,écrire,VERB,VERB,Mood=Ind|Number=Plur|Person=2|Tense=Pres|VerbForm=Fin,9.0,acl:relcl,9:acl:relcl,SpaceAfter=No,1.0
240513,906460,"«Les juifs essaient de soustraire les fidèles chrétiens à notre sainte foi, de les en détourner, de les dévoyer, de les attirer à leurs croyances et opinions damnées, ",écrit, le décret d'expulsion.,34.0,écrit,écrire,VERB,VERB,Mood=Ind|Number=Sing|Person=3|Tense=Pres|VerbForm=Fin,4.0,parataxis,4:parataxis,_,1.0
242203,912835,"L'intellectuel est si souvent un imbécile, ",écrit," Bernanos, que nous devrions toujours le tenir pour tel, jusqu'à ce qu'il nous ait prouvé le contraire.»",9.0,écrit,écrire,VERB,VERB,Mood=Ind|Number=Sing|Person=3|Tense=Pres|VerbForm=Fin,7.0,parataxis,7:parataxis,_,2.0
243854,919123,"En effet, confrontés à une langue maternelle non ",écrite,", le créole, les élèves ont des difficultés à retranscrire leurs propres pensées dans une autre langue.",10.0,écrite,écrire,VERB,VERB,Gender=Fem|Number=Sing|Tense=Past|VerbForm=Part,7.0,acl,7:acl,SpaceAfter=No,1.0
244257,920608,"Par ailleurs, des activistes du Groupe salafiste pour la prédication et le combat (GSPC) ont décapité un berger de 62 ans dans la province de M'Sila, au sud-est d'Alger, ",écrit, le journal El Watan.,37.0,écrit,écrire,VERB,VERB,Gender=Masc|Number=Sing|Tense=Past|VerbForm=Part,19.0,parataxis,19:parataxis,_,3.0
244678,922086,"Il ne peut y avoir de fin plus méritée que la corde pour ce bandit devenu président"""", ",écrit, le journal populaire.,21.0,écrit,écrire,VERB,VERB,Mood=Ind|Number=Sing|Person=3|Tense=Pres|VerbForm=Fin,4.0,parataxis,4:parataxis,_,2.0
246490,928962,Le projet consiste a reprendre un projet déjà ,écrit, et a en étendre les fonctionnalités.,9.0,écrit,écrire,VERB,VERB,Gender=Masc|Number=Sing|Tense=Past|VerbForm=Part,7.0,acl,7:acl,_,1.0
247024,930949,"Ensuite, de telles attaques ne doivent pas, et ne ferons pas, de différence dans la manière dont les Londoniens vivent et travaillent», ",écrit, notamment l'hebdo libéral.,28.0,écrit,écrire,VERB,VERB,Mood=Ind|Number=Sing|Person=3|Tense=Pres|VerbForm=Fin,7.0,parataxis,7:parataxis,_,2.0
247490,932693,Le troisième album de Carla Bruni-Sarkozy sortira le 21 juillet chez Naïve et comportera 14 titres majoritairement ,écrits," et composés par la Première dame de France, a indiqué lundi à l'AFP son agent, Bertrand de Labbey.",20.0,écrits,écrire,VERB,VERB,Gender=Masc|Number=Plur|Tense=Past|VerbForm=Part,18.0,acl,18:acl,_,2.0
248305,935729,Stéphane Venne constate que la façon d',écrire, s'est transformée depuis une vingtaine d'années.,8.0,écrire,écrire,VERB,VERB,VerbForm=Inf,6.0,acl,6:acl,_,1.0
252208,949962,"Éloigner le devoir scolaire, donner une réelle dimension à ce que nous allions ",écrire, pour atteindre ce plaisir de l'écrit et de la connaissance...,15.0,écrire,écrire,VERB,VERB,VerbForm=Inf,14.0,xcomp,14:xcomp,_,1.0
252312,950320,"Bush redonne confiance aux Kosovars à un moment clé du processus d'indépendance"""", ",écrit," Koha Ditore, de Pristina.",17.0,écrit,écrire,VERB,VERB,Mood=Ind|Number=Sing|Person=3|Tense=Pres|VerbForm=Fin,3.0,parataxis,3:parataxis,_,2.0
252505,951076,L'Aube du monde (2008) est un film de fiction ,écrit, et réalisé par le réalisateur franco-irakien Abbas Fahdel.,13.0,écrit,écrire,VERB,VERB,Gender=Masc|Number=Sing|Tense=Past|VerbForm=Part,10.0,acl,10:acl,_,2.0
252835,952398,"Quinze pour cent des élèves sortant du CM2 sont en grande difficulté, 25 % des élèves entrant en sixième lisent et ",écrivent, mal.,23.0,écrivent,écrire,VERB,VERB,Mood=Ind|Number=Plur|Person=3|Tense=Pres|VerbForm=Fin,21.0,conj,21:conj,_,1.0
253014,953102,Mais un écrivain qui n',écrit, plus est-il encore un écrivain?,6.0,écrit,écrire,VERB,VERB,Mood=Ind|Number=Sing|Person=3|Tense=Pres|VerbForm=Fin,3.0,acl:relcl,3:acl:relcl,_,1.0
254200,957763,"Et pourtant, à la lumière des soubresauts de l'été : crise des fruits et légumes, baisse du prix du lait, fusion Promodès-Carrefour, n'avions nous pas raison d'",écrire,", dans notre Rapport d'orientation de décembre 1998 :",36.0,écrire,écrire,VERB,VERB,VerbForm=Inf,31.0,xcomp,31:xcomp,SpaceAfter=No,2.0
254259,957977,"L'époque des rythmes n'a pas tué chez les Russes l'amour de la chanson lyrique, de la parole et de l'intonation d'auteur, ce qui a toujours rapproché la romance russe et la chanson française, ",écrit, le quotidien Novyé Izvestia.,42.0,écrit,écrire,VERB,VERB,Mood=Ind|Number=Sing|Person=3|Tense=Pres|VerbForm=Fin,8.0,parataxis,8:parataxis,_,1.0
255023,961104,"Véritable précurseur du festival littéraire multiculturel Metropolis Bleu, l'événement Write pour ",écrire,", créé en 1996, cherchait à établir des ponts entre les cultures littéraires francophone et anglophone de Montréal.",14.0,écrire,écrire,VERB,VERB,VerbForm=Inf,12.0,advcl,12:advcl,SpaceAfter=No,1.0
255193,961633,"Des centaines de milliers de héros leur emboîteront le pas"""", ",écrit, le groupe qui se manifeste pour la première fois sur la toile.,13.0,écrit,écrire,VERB,VERB,Gender=Masc|Number=Sing|Tense=Past|VerbForm=Part,8.0,parataxis,8:parataxis,_,1.0
257382,969964,"Les récentes données indiquent que les perspectives sur le plan de l'activité économique se sont affaiblies davantage», a ",écrit," la Fed, qui a abaissé son taux de 75 points de base le 22 janvier et de 50 points le 30 janvier.",22.0,écrit,écrire,VERB,VERB,Gender=Masc|Number=Sing|Tense=Past|VerbForm=Part,4.0,parataxis,4:parataxis,_,1.0
257897,971936,Le procureur et la Gendarmerie de Dijon l'ont dit et ,écrit,", les 22 pirates arrêtés mardi matin font parti d'un réseau de """"hackers"""", des """"petits génies de l'informatique"""".",12.0,écrit,écrire,VERB,VERB,Gender=Masc|Number=Sing|Tense=Past|VerbForm=Part,10.0,conj,10:conj,SpaceAfter=No,1.0
257977,972248,C'est d'ailleurs sur ces mystères infimes qu'elle continue d',écrire,", souvent dans une langue volontairement discrète mais légèrement décalée et ambiguë, suffisante pour déstabiliser un lecteur et le faire douter de simples évidences.",13.0,écrire,écrire,VERB,VERB,VerbForm=Inf,11.0,xcomp,11:xcomp,SpaceAfter=No,1.0
258445,974130,"L'amour érotique"""", ",écrit,"-il, """"était aussi indiscutablement le thème-clé du vaste corpus littéraire qui nous est parvenu en sanskrit.",7.0,écrit,écrire,VERB,VERB,Mood=Ind|Number=Sing|Person=3|Tense=Pres|VerbForm=Fin,15.0,dep,15:dep,SpaceAfter=No,1.0
258863,975667,A cause du peu de temps que j'ai pour ,écrire,", et du peu que vous avez à lire je dirai tout en abrégé...",11.0,écrire,écrire,VERB,VERB,VerbForm=Inf,9.0,advcl,9:advcl,SpaceAfter=No,1.0
259627,978701,"«Même si cette région ne représente que 3,5% de la population québécoise, elle a monopolisé 25% (9,3 millions$) du budget de ce ministère en 2008», ",écrit, le Globe&Mail.,34.0,écrit,écrire,VERB,VERB,Mood=Ind|Number=Sing|Person=3|Tense=Pres|VerbForm=Fin,18.0,parataxis,18:parataxis,_,1.0
263074,991618,"Désormais, ils seront également obligés de répondre à toute demande de renseignements téléphonique, ",écrite," ou sur Internet sur les effets indésirables, comme les réactions allergiques.",16.0,écrite,écrire,VERB,VERB,Gender=Fem|Number=Sing|Tense=Past|VerbForm=Part,14.0,conj,14:conj,_,2.0
263334,992528,"Des responsables gouvernementaux et des experts se sont étonnés du coût de certains contrats de déblaiement, reprochant notamment au Génie militaire d'avoir accepté des offres trop chères, ",écrit, encore le journal.,31.0,écrit,écrire,VERB,VERB,Mood=Ind|Number=Sing|Person=3|Tense=Pres|VerbForm=Fin,18.0,parataxis,18:parataxis,_,1.0
263494,993138,"Je m'attendais à voir surgir dès ce mot la morale que me promettait le visage froid de mon père ; mais il ne me répondit rien, cacheta la lettre qu'il venait d'",écrire,", et la remit à Joseph pour qu'il la jetât à la poste.",36.0,écrire,écrire,VERB,VERB,VerbForm=Inf,34.0,xcomp,34:xcomp,SpaceAfter=No,1.0
263531,993259,"L'orthophonie est la discipline paramédicale destinée à prévenir et à traiter les pathologies de la voix, de la parole et du langage oral et ",écrit,", quelles qu'en soient les causes.",27.0,écrit,écrire,VERB,VERB,Gender=Masc|Number=Sing|Tense=Past|VerbForm=Part,25.0,conj,25:conj,SpaceAfter=No,1.0
263552,993333,L'Association Paroissiale Nous ,écrire, Vous êtes le ème visiteur.,5.0,écrire,écrire,VERB,VERB,VerbForm=Inf,0.0,root,0:root,_,1.0
263864,994483,"Deux grands buts et l'Italie est en finale"""", ",écrit, le Corriere della Sera.,12.0,écrit,écrire,VERB,VERB,Gender=Masc|Number=Sing|Tense=Past|VerbForm=Part,3.0,parataxis,3:parataxis,_,2.0
264708,997732,Robert Doisneau l'appelait sa « photocopine » et ,écrivit," aussi : « Quand elle sort de son sac le vieux Leica qui en a tant vu, c’est le signe que la fête commence.",10.0,écrivit,écrire,VERB,VERB,Mood=Ind|Number=Sing|Person=3|Tense=Past|VerbForm=Fin,4.0,conj,4:conj,_,2.0
