sent_id,left_context,pivot,right_context,ID,FORM,LEMMA,UPOS,XPOS,FEATS,HEAD,DEPREL,DEPS,MISC
ParisStories_2019_concoursEquitation_24,"donc, ",fallait, que je choisisse un thème. ,3,fallait,falloir,VERB,_,Mood=Ind|Number=Sing|Person=3|Tense=Imp|VerbForm=Fin,0,root,_,_
ParisStories_2019_concoursEquitation_42,"on l'avait, euh, re~, ",recouvert, de tissu doré. ,9,recouvert,recouvrir,VERB,_,Gender=Masc|Number=Sing|Tense=Past|VerbForm=Part,0,root,_,_
ParisStories_2019_concoursEquitation_42,"on l'avait, euh, ",re~,", recouvert de tissu doré. ",7,re~,re~,VERB,_,Gender=Masc|Number=Sing|Tense=Past|VerbForm=Part,9,reparandum,_,SpaceAfter=No
ParisStories_2019_experienceFac_88,"enfin voilà, ",voilà, l'expérience que j'ai de la fac. ,2,voilà,voilà,VERB,_,_,4,reparandum,_,SpaceAfter=No
ParisStories_2019_journeeTournage_4,"il y avait d'abord, euh, un jour, euh, enfin quelques jours avant le tournage, on devait aller, euh, dans le studio pour, euh, ",essayer," le et notre costume euh avec la costumière, et euh, pour qu'ils regardent, euh, nos cheveux pour voir, euh, quelle coiffure ils pouvaient nous faire. ",34,essayer,essayer,VERB,_,VerbForm=Inf,23,advcl,_,Subject=NoRaising
ParisStories_2019_journeeTournage_9,"et euh, donc là, euh, tout, euh, toute la Promenade, euh, était, euh, ",fermée,. ,23,fermée,fermer,VERB,_,Gender=Fem|Number=Sing|Tense=Past|VerbForm=Part,0,root,_,SpaceAfter=No
ParisStories_2019_journeeTournage_13,"Euh, en fait c'était une scène où les les deux petits traversaient la route et, euh, ",allaient, vers la plage. ,21,allaient,aller,VERB,_,Mood=Ind|Number=Plur|Person=3|Tense=Imp|VerbForm=Fin,14,conj,_,_
ParisStories_2019_journeeTournage_29,"Y avait deux petits acteurs, euh, qui avaient chacun, euh, une assistante, euh, attitrée un peu comme leurs mamans qui venaient, euh, les, ",faire," des jeux avec eux pendant pendant qu'ils attendaient leur scène, euh, les recoiffer, les remaquiller, tout ça. ",33,faire,faire,VERB,_,VerbForm=Inf,49,reparandum,_,Subject=SubjRaising
ParisStories_2019_journeeTournage_29,"Y avait deux petits acteurs, euh, qui avaient chacun, euh, une assistante, euh, ",attitrée," un peu comme leurs mamans qui venaient, euh, les, faire des jeux avec eux pendant pendant qu'ils attendaient leur scène, euh, les recoiffer, les remaquiller, tout ça. ",20,attitrée,attitrer,VERB,_,Gender=Fem|Number=Sing|Tense=Past|VerbForm=Part,16,acl,_,_
ParisStories_2019_mercrediSoir_12,"il nous avait dit, euh, qu'il pourrait pas, euh, ",être, à l'heure pour le match de foot PSG Bayern de Munich. ,15,être,être,VERB,_,VerbForm=Inf,10,xcomp,_,Subject=SubjRaising
ParisStories_2019_mercrediSoir_31,"et après donc, on est allé au , euh, au bar, euh, qu'Adrien nous avait, euh, ",indiqué,", euh. ",26,indiqué,indiquer,VERB,_,Gender=Masc|Number=Sing|Tense=Past|VerbForm=Part,15,acl,_,SpaceAfter=No
ParisStories_2019_peripleCrous_23,"ils disent Cuvier faut prendre le, ",faut," prendre le rond quarante-sept, ",4,faut,falloir,VERB,_,Mood=Ind|Number=Sing|Person=3|Tense=Pres|VerbForm=Fin,8,reparandum,_,Reported=Yes
ParisStories_2020_aideAuxEnfants_5,"euh, et l'internat, en fait, ",travaille, en partenariat avec l'organisme Grandir Aventure. ,10,travaille,travailler,VERB,_,Mood=Ind|Number=Sing|Person=3|Tense=Pres|VerbForm=Fin,0,root,_,_
ParisStories_2020_aideAuxEnfants_8,"on a, euh, ",repeint, les murs. ,6,repeint,repeindre,VERB,_,Gender=Masc|Number=Sing|Tense=Past|VerbForm=Part,0,root,_,_
ParisStories_2020_aideAuxEnfants_10,"et euh, et en plus de cela, nous avons, dans cette première partie du voyage, nous avons, euh, fait plusieurs activités, comme par exemple, ",créer, du savon. ,34,créer,créer,VERB,_,VerbForm=Inf,26,advcl,_,Subject=NoRaising
ParisStories_2020_aideAuxEnfants_10,"et euh, et en plus de cela, nous avons, dans cette première partie du voyage, nous avons, euh, ",fait," plusieurs activités, comme par exemple, créer du savon. ",26,fait,faire,VERB,_,Gender=Masc|Number=Sing|Tense=Past|VerbForm=Part,0,root,_,_
ParisStories_2020_alarmeTrain_22,"hum, et bah, justement, après, ils nous disaient, oui euh, ",faites," attention, euh, à vos affaires. ",17,faites,faire,VERB,_,Mood=Imp|Number=Plur|Person=2|Tense=Pres|VerbForm=Fin,12,ccomp,_,Reported=Yes
ParisStories_2020_anecdoteMetro_10,"ouais, mais j'ai hésité, donc je me suis dit, oh, ",vas,"-y, j'ai la flemme aujourd'hui, je vais aller, euh, au bus, euh, avec le bus jusqu'au métro. ",16,vas,aller,VERB,_,Mood=Imp|Number=Sing|Person=2|Tense=Pres|VerbForm=Fin,20,discourse,_,SpaceAfter=No
ParisStories_2020_anecdoteMetro_12,"et je vois quoi, je vois qu'en fait le bus, il est blindé, blindé, blindé, blindé, ",blindé,. ,16,blindé,blinder,VERB,_,Gender=Masc|Number=Sing|Tense=Past|VerbForm=Part,7,ccomp,_,SpaceAfter=No
ParisStories_2020_anecdoteMetro_12,"et je vois quoi, je vois qu'en fait le bus, il est blindé, blindé, blindé, ",blindé,", blindé. ",16,blindé,blinder,VERB,_,Gender=Masc|Number=Sing|Tense=Past|VerbForm=Part,7,ccomp,_,SpaceAfter=No
ParisStories_2020_anecdoteMetro_12,"et je vois quoi, je vois qu'en fait le bus, il est blindé, blindé, ",blindé,", blindé, blindé. ",16,blindé,blinder,VERB,_,Gender=Masc|Number=Sing|Tense=Past|VerbForm=Part,7,ccomp,_,SpaceAfter=No
ParisStories_2020_anecdoteMetro_12,"et je vois quoi, je vois qu'en fait le bus, il est blindé, ",blindé,", blindé, blindé, blindé. ",16,blindé,blinder,VERB,_,Gender=Masc|Number=Sing|Tense=Past|VerbForm=Part,7,ccomp,_,SpaceAfter=No
ParisStories_2020_descenteCanoe_31,"elle a fait la cascade toute seule, donc bon, ",voilà,. ,12,voilà,voilà,VERB,_,_,3,discourse,_,ExtPos=INTJ|SpaceAfter=No
ParisStories_2020_descenteCanoe_39,"et à chaque fois, pour essayer de rejoindre ma mère, il devait, euh, entre guillemets, euh, ",marcher," sur les cailloux, ",23,marcher,marcher,VERB,_,VerbForm=Inf,14,xcomp,_,Subject=SubjRaising
ParisStories_2020_descenteCanoe_41,"du coup, à chaque fois, sa tête elle, euh, ",sortait," de l'eau puis elle remontait, puis elle ressortait, enfin bref. ",15,sortait,sortir,VERB,_,Mood=Ind|Number=Sing|Person=3|Tense=Imp|VerbForm=Fin,0,root,_,_
ParisStories_2020_dragQueen_10,"sauf que Maude finalement, euh, ",partait," au Portugal et ça tombait pile, sur ce pile, sur la date, de ce spectacle. ",8,partait,partir,VERB,_,Mood=Ind|Number=Sing|Person=3|Tense=Imp|VerbForm=Fin,0,root,_,_
ParisStories_2020_galereNice_30,"et vers je sais plus trop quelle heure, on se dit : faudrait quand même, euh, ",aller, vers l'aéroport. ,20,aller,aller,VERB,_,VerbForm=Inf,14,xcomp,_,Subject=SubjRaising
ParisStories_2020_galereNice_30,"et vers je sais plus trop quelle heure, on se dit : ",faudrait," quand même, euh, aller vers l'aéroport. ",14,faudrait,falloir,VERB,_,Mood=Cnd|Number=Sing|Person=3|Tense=Pres|VerbForm=Fin,11,ccomp,_,Reported=Yes
ParisStories_2020_galereNice_37,"euh, pour, le bus passe forcément par la promenade des Anglais, ",voilà,. ,16,voilà,voilà,VERB,_,_,7,discourse,_,ExtPos=INTJ|SpaceAfter=No
ParisStories_2020_histoireOurs_20,"donc, après, on, on est partie, s~, se, euh, ",recoucher,", en espérant que il se passe rien. ",17,recoucher,recoucher,VERB,_,VerbForm=Inf,9,xcomp,_,SpaceAfter=No|Subject=SubjRaising
ParisStories_2020_histoireOurs_23,"donc, euh, ",voilà,", ils en pouvaient plus, hein. ",5,voilà,voilà,VERB,_,_,9,discourse,_,ExtPos=INTJ|SpaceAfter=No
ParisStories_2020_histoireOurs_25,"et, en fait, on s'est rendu compte, quand même, que il y avait des, des casseroles et des, des popotes, donc, nos gammelles, dans lesquelles on mangeait, qui avaient, quand même, ",disparu,. ,45,disparu,disparaître,VERB,_,Gender=Masc|Number=Sing|Tense=Past|VerbForm=Part,32,acl:relcl,_,SpaceAfter=No
ParisStories_2020_histoireOurs_28,"il y avait, vraiment, peut-être, ",eu, un animal qui est venu. ,9,eu,avoir,VERB,_,Gender=Masc|Number=Sing|Tense=Past|VerbForm=Part,0,root,_,_
ParisStories_2020_requinReunion_10,"et il s'est fait euh, ",attaquer, par un requin. ,8,attaquer,attaquer,VERB,_,VerbForm=Inf,5,xcomp,_,Subject=SubjRaising
ParisStories_2020_requinReunion_14,"et euh le volcan euh, tu as pu euh, ",approcher, le volcan ? ,12,approcher,approcher,VERB,_,VerbForm=Inf,9,xcomp,_,Subject=SubjRaising
ParisStories_2020_requinReunion_29,"et euh, ",est,"-ce que euh, tu as été tentée euh, par la plongée, ou pas, là-bas ? ",4,est,être,VERB,_,Mood=Ind|Number=Sing|Person=3|Tense=Pres|VerbForm=Fin,0,root,_,SpaceAfter=No
ParisStories_2020_sangDEncre_10,"donc, euh, ça n'a jamais, euh, ",été, un souci pour moi. ,12,été,être,VERB,_,Gender=Masc|Number=Sing|Tense=Past|VerbForm=Part,0,root,_,_
ParisStories_2020_sangDEncre_26,"et, du coup, euh, ",voilà," en plein vol au bout d'une demi-heure de vol, l'hôtesse, euh, nous communique que, euh, on allait devoir faire demi-tour, euh jusqu'à l'aéroport d'Agen, puisque il y avait une alarme qui sonnait dans le cockpit depuis le décollage. ",9,voilà,voilà,VERB,_,_,12,discourse,_,ExtPos=INTJ
ParisStories_2020_sangDEncre_32,"je vais rester, euh, ",dormir,", euh, dans l'aéroport. ",7,dormir,dormir,VERB,_,VerbForm=Inf,3,xcomp,_,SpaceAfter=No|Subject=SubjRaising
ParisStories_2020_sangDEncre_35,"vous voyez très bien, euh, ",visualisez," l'esprit de, euh, d'une ado de quatorze ans qui se fait tout un sang d'encre. ",8,visualisez,visualiser,VERB,_,Mood=Ind|Number=Plur|Person=2|Tense=Pres|VerbForm=Fin,0,root,_,_
ParisStories_2021_discussionSansAbris_10,"donc ça a fait pas mal de changements d'un coup, donc, ",passer, du lycée à la fac. ,15,passer,passer,VERB,_,VerbForm=Inf,8,appos,_,Subject=NoRaising
ParisStories_2021_neesLeMemeMois_19,"on faisait des shootings photos, euh, ",voilà,. ,9,voilà,voilà,VERB,_,_,5,discourse,_,ExtPos=INTJ|SpaceAfter=No
ParisStories_2021_neesLeMemeMois_26,"du coup euh, ",voilà, en mars. ,6,voilà,voilà,VERB,_,_,8,discourse,_,ExtPos=INTJ
ParisStories_2021_neesLeMemeMois_27,"et euh, ",voilà,! ,4,voilà,voilà,VERB,_,_,0,root,_,SpaceAfter=No
ParisStories_2021_nouveauxEleves_12,"donc, du coup, euh, bah, par curiosité, ",voilà,", je commence à lui poser des questions. ",14,voilà,voilà,VERB,_,_,12,discourse,_,ExtPos=INTJ|SpaceAfter=No
ParisStories_2021_nouveauxEleves_26,"et, donc, du coup, euh, je vois un peu son expression faciale, euh, du style, euh, ",interloquée,. ,27,interloquée,interloquer,VERB,_,Gender=Fem|Number=Sing|Tense=Past|VerbForm=Part,23,acl,_,SpaceAfter=No
ParisStories_2021_nouvelleCollegue_1,"alors, XXX, ",raconte," -moi, euh, le jour où tu as rencontré Wendy pour la première fois? ",5,raconte,raconter,VERB,_,Mood=Imp|Number=Sing|Person=2|Tense=Pres|VerbForm=Fin,0,root,_,_
ParisStories_2021_pireSoireeHorrible_51,"il, euh, ",préparait," la bouffe, euh. ",5,préparait,préparer,VERB,_,Mood=Ind|Number=Sing|Person=3|Tense=Imp|VerbForm=Fin,0,root,_,_
ParisStories_2021_pluieEtMamie_32,"on va euh, ",manger, euh. ,5,manger,manger,VERB,_,VerbForm=Inf,2,xcomp,_,Subject=SubjRaising
ParisStories_2021_prenomDeVieille_3,"et j'étais avec ma maman, on était dans la salle d'attente, euh, du secrétariat, on attendait de, notre tour, pour, euh, pour s'inscrire, pour, euh, ",rendre, les papiers. ,41,rendre,rendre,VERB,_,VerbForm=Inf,27,acl,_,Subject=NoRaising
ParisStories_2021_prenomDeVieille_8,"et personne n'aime les bébés, qui pleurent, ",entendre," les bébés pleurer, euh, euh, que ce soit dans l'avion, euh, dans la salle d'attente du docteur. ",11,entendre,entendre,VERB,_,VerbForm=Inf,4,xcomp,_,Subject=SubjRaising
ParisStories_2021_prenomDeVieille_19,"et, euh, donc, ",voilà,", je me suis fait des amis, tout de suite. ",7,voilà,voilà,VERB,_,_,12,discourse,_,ExtPos=INTJ|SpaceAfter=No
ParisStories_2021_prenomDeVieille_31,"elle, euh, ",restait, avec une autre fille. ,5,restait,rester,VERB,_,Mood=Ind|Number=Sing|Person=3|Tense=Imp|VerbForm=Fin,0,root,_,_
ParisStories_2021_rencontreAngelaMerkel_3,"et on est forcément passé à côté du , du , du Bundestag, le, euh, le parlement de, euh, de Berlin, euh, pour voir à quoi ressemblait, euh, ce, cet endroit iconique, enfin, ",voilà,", de Berlin, le parlement, tout ça. ",49,voilà,voilà,VERB,_,_,47,discourse,_,ExtPos=INTJ|SpaceAfter=No
ParisStories_2021_rencontreAngelaMerkel_6,"enfin, ",voilà,", euh. ",3,voilà,voilà,VERB,_,_,0,root,_,SpaceAfter=No
ParisStories_2021_rencontreAngelaMerkel_17,"on vient de, euh, ",voilà," euh, on aime, euh, on aime beaucoup Berlin, tout ça, euh. ",7,voilà,voilà,VERB,_,_,11,discourse,_,ExtPos=INTJ
ParisStories_2021_rencontreAngelaMerkel_19,"et, euh, elle a accepté, de, de, ",prendre," une, euh, une photo avec nous, euh. ",13,prendre,prendre,VERB,_,VerbForm=Inf,7,xcomp,_,Subject=SubjRaising
ParisStories_2021_rencontreAngelaMerkel_21,"j'étais juste à côté d'elle, vraiment, je, collée, euh, ",collée," à ses côtés, enfin voilà. ",13,collée,coller,VERB,_,Gender=Fem|Number=Sing|Tense=Past|VerbForm=Part,17,reparandum,_,SpaceAfter=No
ParisStories_2021_rencontreAngelaMerkel_21,"j'étais juste à côté d'elle, vraiment, je, ",collée,", euh, collée à ses côtés, enfin voilà. ",13,collée,coller,VERB,_,Gender=Fem|Number=Sing|Tense=Past|VerbForm=Part,17,reparandum,_,SpaceAfter=No
ParisStories_2021_rencontreAngelaMerkel_23,"faut penser, ben, euh, tu, faut, ",faut," penser qu'à douze ans, c'est, c'est, ouais, c'est, c'est impressionnant, de, de de rencontrer quelqu'un d'aussi haut placé. ",1,faut,falloir,VERB,_,Mood=Ind|Number=Sing|Person=3|Tense=Pres|VerbForm=Fin,12,reparandum,_,_
ParisStories_2021_rencontreAngelaMerkel_23,"faut penser, ben, euh, tu, ",faut,", faut penser qu'à douze ans, c'est, c'est, ouais, c'est, c'est impressionnant, de, de de rencontrer quelqu'un d'aussi haut placé. ",10,faut,falloir,VERB,_,Mood=Ind|Number=Sing|Person=3|Tense=Pres|VerbForm=Fin,12,reparandum,_,SpaceAfter=No
ParisStories_2021_rencontreMourinho_11,"euh, ils ont pris le temps pour tout le monde, etc, ensuite, ",arrivent, les autres joueurs. ,17,arrivent,arriver,VERB,_,Mood=Ind|Number=Plur|Person=3|Tense=Pres|VerbForm=Fin,5,conj,_,_
ParisStories_2021_rencontreMourinho_19,"il devait être épuisé de l'entraînement, etc et donc là, ",arrive," le moment où le joueur du Portugal, euh, Mourinho, où le joueur du Portugal, il arrive et tout. ",14,arrive,arriver,VERB,_,Mood=Ind|Number=Sing|Person=3|Tense=Pres|VerbForm=Fin,4,conj,_,_
ParisStories_2021_rencontreMourinho_37,"et là, elle dit ah, bah, ",signez,! ,10,signez,signer,VERB,_,Mood=Imp|Number=Plur|Person=2|Tense=Pres|VerbForm=Fin,5,ccomp,_,Reported=Yes|SpaceAfter=No
ParisStories_2022_5_gîteEnMontagne__5,"on puisse aller marcher, ",aller," prendre l'air quand on veut, sans avoir une limite d'un kilomètre. ",3,aller,aller,VERB,_,VerbForm=Inf,6,reparandum,_,AlignBegin=18310|AlignEnd=18616|Subject=SubjRaising
ParisStories_2022_5_gîteEnMontagne__6,"euh, ",pouvoir," euh, se faire des batailles de boules de neige, euh. ",3,pouvoir,pouvoir,VERB,_,VerbForm=Inf,0,root,_,AlignBegin=24944|AlignEnd=25242|Subject=NoRaising
ParisStories_2022_5_gîteEnMontagne__8,"et, ouais, pour moi ça serait vraiment le rêve, parce que je pense qu'à rester enfermés comme ça pendant, pendant des jours euh, on finit par euh, ",perdre," toute notion euh, de temps et d'espace. ",35,perdre,perdre,VERB,_,VerbForm=Inf,31,xcomp,_,AlignBegin=41296|AlignEnd=41634|Subject=SubjRaising
ParisStories_2022_5_gîteEnMontagne__27,"bah, je me suis toujours dit que euh, ",faire," un vrai repas de Noël euh, comme euh, comme nos grands-parents avec euh, la dinde aux marrons, euh, les dix repas, les les dix plats euh, pendant le repas où, où euh, tu as l'impression que tu vas exploser tellement il y a à manger, ça serait génial, parce que je pense que, que depuis que les enfants sont nés, on a pas euh, on a pas eu trop cette tradition. ",11,faire,faire,VERB,_,VerbForm=Inf,71,xcomp,_,AlignBegin=122264|AlignEnd=122542|Subject=SubjRaising
ParisStories_2022_18_mocheMaisMignonne__35,"mais du coup, il y avait aussi mon oncle et ma tante, vu qu'ils m'avaient emmenée, ",vu, que j'avais dormi chez eux la veille. ,16,vu,voir,VERB,_,Gender=Masc|Number=Sing|Tense=Past|VerbForm=Part,8,advcl,_,AlignBegin=84954|AlignEnd=85135
ParisStories_2022_18_mocheMaisMignonne__35,"mais du coup, il y avait aussi mon oncle et ma tante, ",vu," qu'ils m'avaient emmenée, vu que j'avais dormi chez eux la veille. ",16,vu,voir,VERB,_,Gender=Masc|Number=Sing|Tense=Past|VerbForm=Part,8,advcl,_,AlignBegin=84954|AlignEnd=85135
ParisStories_2019_devoirPhilosophie_5,"mais bon, le prof nous avait quand même euh, ",initiés," à la dissertation, en nous expliquant euh, ce qu'était la thèse, l'antithèse et la synthèse. ",12,initiés,initier,VERB,_,Gender=Masc|Number=Plur|Tense=Past|VerbForm=Part,0,root,_,_
ParisStories_2019_devoirPhilosophie_20,"et d'un autre côté, elle veut euh, ",donner," des conseils euh, à ses patients euh, sur le sexe. ",11,donner,donner,VERB,_,VerbForm=Inf,8,xcomp,_,Subject=SubjRaising
ParisStories_2019_devoirPhilosophie_27,"du coup euh, comme elle était, quand même, confrontée à beaucoup de violences sexuelles, elle s'est dit ben, pour les aider, je vais leur donner des cours d'éducation sexuelle, pour euh, justement euh, ",essayer, de changer leurs comportements et leur vision quoi. ,46,essayer,essayer,VERB,_,VerbForm=Inf,33,advcl,_,Subject=NoRaising
ParisStories_2019_devoirPhilosophie_27,"du coup euh, comme elle était, quand même, ",confrontée," à beaucoup de violences sexuelles, elle s'est dit ben, pour les aider, je vais leur donner des cours d'éducation sexuelle, pour euh, justement euh, essayer de changer leurs comportements et leur vision quoi. ",13,confrontée,confronter,VERB,_,Gender=Fem|Number=Sing|Tense=Past|VerbForm=Part,23,advcl,_,_
ParisStories_2019_devoirPhilosophie_30,"si tu veux il y avait des filles qui se faisaient euh, ",avorter," euh, comme ça, tu vois, sans leur consentement. ",14,avorter,avorter,VERB,_,VerbForm=Inf,11,xcomp,_,Subject=SubjRaising
ParisStories_2019_devoirPhilosophie_32,"et euh, c'est pour ça qu'elle a voulu vraiment faire quelque chose, et euh, ",voilà,. ,20,voilà,voilà,VERB,_,_,7,conj,_,SpaceAfter=No
ParisStories_2019_devoirPhilosophie_35,"elle a un engagement religieux, mais en même temps, elle doit faire preuve d'empathie, pour pouvoir, justement, ",donner," des conseils à ses patients, en matière de sexe. ",24,donner,donner,VERB,_,VerbForm=Inf,20,xcomp,_,Subject=SubjRaising
ParisStories_2019_peripitiesVoiture_25,"et, en fait, euh vu que j'habite sur euh la... enfin, dans le sud de Seine et Marne, j'ai dû me déplacer sur Paris le matin, ",prendre," le train et tout, et remonter après mon partiel. ",35,prendre,prendre,VERB,_,VerbForm=Inf,29,conj,_,Subject=SubjRaising
ParisStories_2020_blessureRecreation_23,"euh, donc euh moi j'essaye de gérer la situation comme je peux, ",sachant, que je pouvais pas regarder la la blessure. ,16,sachant,sacher,VERB,_,Tense=Pres|VerbForm=Part,14,advcl,_,_
ParisStories_2020_blessureRecreation_30,"enfin il était vraiment à terre euh, ",terrorisé,. ,9,terrorisé,terroriser,VERB,_,Gender=Masc|Number=Sing|Tense=Past|VerbForm=Part,0,root,_,SpaceAfter=No
ParisStories_2020_concoursInstagram_10,"et, donc, du coup, il disait aux , à ses fans de, euh, bah, de, du coup, d'enregistrer une vidéo en train de danser un peu active et, du coup, je t'ai dit allez faut le faire, faut le faire, ",faut, le faire. ,51,faut,falloir,VERB,_,Mood=Ind|Number=Sing|Person=3|Tense=Pres|VerbForm=Fin,49,ccomp,_,Reported=Yes
ParisStories_2020_concoursInstagram_10,"et, donc, du coup, il disait aux , à ses fans de, euh, bah, de, du coup, d'enregistrer une vidéo en train de danser un peu active et, du coup, je t'ai dit allez faut le faire, ",faut," le faire, faut le faire. ",51,faut,falloir,VERB,_,Mood=Ind|Number=Sing|Person=3|Tense=Pres|VerbForm=Fin,49,ccomp,_,Reported=Yes
ParisStories_2020_concoursInstagram_32,"donc, ",voilà,", en plus, il y avait trois gagnants. ",3,voilà,voilà,VERB,_,_,1,discourse,_,ExtPos=INTJ|SpaceAfter=No
ParisStories_2020_concoursInstagram_35,"oui, ",voilà,. ,3,voilà,voilà,VERB,_,_,0,root,_,SpaceAfter=No
ParisStories_2021_adoptionMouts_21,"du coup, on a dit, bah, ",voilà,", quoi, c'est notre chien! ",11,voilà,voilà,VERB,_,_,18,discourse,_,ExtPos=INTJ|SpaceAfter=No
ParisStories_2021_adoptionMouts_29,"alors, bah, ",voilà,", c'était Mouts! ",5,voilà,voilà,VERB,_,_,9,discourse,_,ExtPos=INTJ|SpaceAfter=No
ParisStories_2021_adoptionMouts_31,"euh, ",fallait," attendre une semaine, le temps qu'elle fasse tous ses vaccins. ",3,fallait,falloir,VERB,_,Mood=Ind|Number=Sing|Person=3|Tense=Imp|VerbForm=Fin,0,root,_,_
ParisStories_2022_7_chienGourmand__5,"et on savait pas euh, bah, lequel, euh, on choisit, on, euh, ",choisir,", du coup. ",20,choisir,choisir,VERB,_,Mood=Ind|Number=Sing|Person=3|Tense=Pres|VerbForm=Fin,3,xcomp,_,AlignBegin=17205|AlignEnd=17398|SpaceAfter=No|Subject=Raising
ParisStories_2022_7_chienGourmand__27,"mais ça, bon, ",faut, le dire à personne. ,6,faut,falloir,VERB,_,Mood=Ind|Number=Sing|Person=3|Tense=Pres|VerbForm=Fin,0,root,_,AlignBegin=63857|AlignEnd=64059
ParisStories_2022_11_copineEnCarton__3,"donc finalement ben, euh, ça a été très compliqué entre nous, parce qu'on est quand même resté trois ans ensemble, pour euh, ",faire," pl~, un peu résumé. ",29,faire,faire,VERB,_,VerbForm=Inf,34,reparandum,_,AlignBegin=7958|AlignEnd=8260|Subject=NoRaising
ParisStories_2022_11_copineEnCarton__40,"j'ai fait écoute, ",faut," qu'on parle, parce que là ça va plus. ",6,faut,falloir,VERB,_,Mood=Ind|Number=Sing|Person=3|Tense=Pres|VerbForm=Fin,3,ccomp,_,AlignBegin=90559|AlignEnd=90706|Reported=Yes
ParisStories_2022_11_copineEnCarton__54,"est-ce que je t'ai déjà dit euh, ",écoute,", tu vas pas voir César sans moi. ",11,écoute,écouter,VERB,_,Mood=Imp|Number=Sing|Person=2|Tense=Pres|VerbForm=Fin,14,discourse,_,AlignBegin=111875|AlignEnd=112120|SpaceAfter=No
ParisStories_2022_11_copineEnCarton__56,"si tu as envie de voir tes potes sans moi, mais vraiment, ",vas,-y ! ,15,vas,aller,VERB,_,Mood=Imp|Number=Sing|Person=2|Tense=Pres|VerbForm=Fin,0,root,_,AlignBegin=116968|AlignEnd=117439|SpaceAfter=No|wordform=vas-y
ParisStories_2022_11_copineEnCarton__60,"justement, ",vas,"-y, clairement ! ",3,vas,aller,VERB,_,Mood=Imp|Number=Sing|Person=2|Tense=Pres|VerbForm=Fin,0,root,_,AlignBegin=119348|AlignEnd=119961|SpaceAfter=No|wordform=vas-y
ParisStories_2022_8_rencontreALiège__5,"je m'étais euh, ",installée, le dimanche dans mon appartement. ,6,installée,installer,VERB,_,Gender=Fem|Number=Sing|Tense=Past|VerbForm=Part,0,root,_,AlignBegin=8813|AlignEnd=9121
ParisStories_2022_8_rencontreALiège__8,"et il y avait un professeur de la Haute École qui répondait à toutes nos questions, sur comment s'installer, ",trouver," un appartement, euh, à faire ses courses à Liège, plein de, plein de petites choses pratiques comme ça, pour nous aider à, à mieux intégrer la ville en fait, et mieux s'intégrer surtout. ",23,trouver,trouver,VERB,_,VerbForm=Inf,21,conj,_,AlignBegin=30163|AlignEnd=30596|Subject=NoRaising
ParisStories_2022_8_rencontreALiège__27,"enfin je t'entends parler depuis tout à l'heure, ",est,-ce que je peux me joindre à toi ? ,12,est,être,VERB,_,Mood=Ind|Number=Sing|Person=3|Tense=Pres|VerbForm=Fin,4,advcl,_,AlignBegin=101550|AlignEnd=101749|SpaceAfter=No
ParisStories_2022_1_rencontreSolfège__37,"oui, ",voilà,", au conservatoire d'Athis, exactement ! ",3,voilà,voilà,VERB,_,_,7,discourse,_,AlignBegin=61958|AlignEnd=62227|SpaceAfter=No
ParisStories_2022_6_tetedeNeuneu__33,"et, euh, et, du coup, on devait, enfin, moi, je devais en gros, dé~ comment on dit, euh, genre, ",détourner, l'attention d'Eva. ,32,détourner,détourner,VERB,_,Gender=Masc|Number=Sing|Tense=Past|VerbForm=Part,19,ccomp,_,AlignBegin=55564|AlignEnd=55887
ParisStories_2022_6_tetedeNeuneu__33,"et, euh, et, du coup, on devait, enfin, moi, je devais en gros, ",dé~," comment on dit, euh, genre, détourner l'attention d'Eva. ",23,dé~,dé~,VERB,_,_,32,reparandum,_,AlignBegin=52723|AlignEnd=53060
ParisStories_2022_6_tetedeNeuneu__51_bis,"et je dis bah, ",attends,. ,6,attends,attendre,VERB,_,Mood=Imp|Number=Sing|Person=2|Tense=Pres|VerbForm=Fin,3,ccomp,_,AlignBegin=88950|AlignEnd=89139|Reported=Yes|SpaceAfter=No
ParisStories_2019_prepaScientifique_16,"c'est, ",voilà,", tu fais que bosser. ",4,voilà,voilà,VERB,_,_,7,discourse,_,ExtPos=INTJ|SpaceAfter=No
ParisStories_2019_prepaScientifique_18,"donc j'ai travaillé, travaillé, ",travaillé,", beaucoup pleuré, c'était horrible. ",4,travaillé,travailler,VERB,_,Gender=Masc|Number=Sing|Tense=Past|VerbForm=Part,0,root,_,SpaceAfter=No
ParisStories_2019_prepaScientifique_18,"donc j'ai travaillé, ",travaillé,", travaillé, beaucoup pleuré, c'était horrible. ",4,travaillé,travailler,VERB,_,Gender=Masc|Number=Sing|Tense=Past|VerbForm=Part,0,root,_,SpaceAfter=No
ParisStories_2019_prepaScientifique_20,"et, et là, et ben, il fallait donc classer les écoles, un peu comme dans APB pour, euh, le bac, ",fallait, classer les écoles. ,10,fallait,falloir,VERB,_,Mood=Ind|Number=Sing|Person=3|Tense=Imp|VerbForm=Fin,28,reparandum,_,_
ParisStories_2019_vacancesEte_8,"euh j'ai visité l'Île de Ré, ",voilà,", je suis allée à la plage. ",10,voilà,voilà,VERB,_,_,14,discourse,_,ExtPos=INTJ|SpaceAfter=No
ParisStories_2019_vacancesEte_14,"donc il avait une exposition de photo et donc on a ramené ses photos, on a fait l'exposition, on a vu de la famille enfin bref, ",voilà, donc très sympa. ,31,voilà,voilà,VERB,_,_,34,discourse,_,ExtPos=INTJ
ParisStories_2019_voyageItalie_39,"donc euh, ",laisse," tomber c'était, c'était horrible genre de le bruit, mais toute la journée, toute la nuit, ",4,laisse,laisser,VERB,_,Mood=Imp|Number=Sing|Person=2|Tense=Pres|VerbForm=Fin,1,discourse,_,_
ParisStories_2020_poissonsNoel_17,"enfin, ",voilà,", il y a même des gens qui fabriquent des bars avec des bouées et des planches pour distribuer des bières à leurs amis, c'est vraiment chouette. ",3,voilà,voilà,VERB,_,_,7,discourse,_,ExtPos=INTJ|SpaceAfter=No
ParisStories_2020_poissonsNoel_19,"en fait, quand, quand vraiment la plage est remplie, ",remplie," de monde, on est tous collés et à minuit tout le monde se souhaite la bonne année. ",11,remplie,remplir,VERB,_,Gender=Fem|Number=Sing|Tense=Past|VerbForm=Part,13,reparandum,_,SpaceAfter=No
ParisStories_2020_sortiesAdolescence_18,"à partir d'un moment j'étais toujours obligé de faire des petits plans, aller voir mon cousin, lui dire oui, ",va," voir mon père, et tout. ",25,va,aller,VERB,_,Mood=Ind|Number=Sing|Person=3|Tense=Pres|VerbForm=Fin,22,ccomp,_,Reported=Yes
ParisStories_2020_sortiesAdolescence_18,"à partir d'un moment j'étais toujours obligé de faire des petits plans, ",aller," voir mon cousin, lui dire oui, va voir mon père, et tout. ",16,aller,aller,VERB,_,VerbForm=Inf,11,conj,_,Subject=SubjRaising
ParisStories_2020_sortiesAdolescence_19,"dis lui, s~, ",dis," lui que j'ai envie de dormir à la maison, que tu veux que je dorme chez toi, et il va dire oui. ",1,dis,dire,VERB,_,Mood=Imp|Number=Sing|Person=2|Tense=Pres|VerbForm=Fin,6,reparandum,_,_
ParisStories_2021_loulouLeChat_8,"et un jour, j'étais tranquille, allongée dans le dans le canapé avec donc, du coup, Loulou sur moi, et on sait pas pourquoi, ",pétait, un câble. ,32,pétait,péter,VERB,_,VerbForm=Fin,22,acl,_,_
ParisStories_2021_loulouLeChat_8,"et un jour, j'étais tranquille, ",allongée," dans le dans le canapé avec donc, du coup, Loulou sur moi, et on sait pas pourquoi, pétait un câble. ",9,allongée,allonger,VERB,_,Gender=Fem|Number=Sing|Tense=Past|VerbForm=Part,7,advcl,_,_
ParisStories_2021_loulouLeChat_11,"non même pas griffer, ",mordre,. ,6,mordre,mordre,VERB,_,VerbForm=Inf,4,dislocated,_,SpaceAfter=No|Subject=NoRaising
ParisStories_2021_soireeHalloweenGrange_8,"euh, ensuite on est ressorti et on a été, euh, ",mis," dans, dans un transporteur à bovins, et on a traversé tout un champ. ",14,mis,mettre,VERB,_,Gender=Masc|Number=Sing|Tense=Past|VerbForm=Part,6,conj,_,_
ParisStories_2021_soireeHalloweenGrange_11,"et il y avait un, un homme, qui racontait que, que sa fille avait été tuée, euh, et, euh, voilà, qu'elle avait été, euh, ",assassinée, etc. ,36,assassinée,assassiner,VERB,_,Gender=Fem|Number=Sing|Tense=Past|VerbForm=Part,11,ccomp,_,_
ParisStories_2021_soireeHalloweenGrange_11,"et il y avait un, un homme, qui racontait que, que sa fille avait été tuée, euh, et, euh, ",voilà,", qu'elle avait été, euh, assassinée etc. ",27,voilà,voilà,VERB,_,_,36,discourse,_,ExtPos=INTJ|SpaceAfter=No
ParisStories_2021_soireeHalloweenGrange_12,"enfin d~, de ce que j'ai compris, ",vu," que, je suis pas une experte en anglais. ",11,vu,voir,VERB,_,Gender=Masc|Number=Sing|Tense=Past|VerbForm=Part,15,mark,_,ExtPos=SCONJ|Idiom=Yes
ParisStories_2021_soireeHalloweenGrange_13,"mais du coup, hum, ",voilà,", il nous a expliqué ça. ",8,voilà,voilà,VERB,_,_,13,discourse,_,ExtPos=INTJ|SpaceAfter=No
ParisStories_2021_soireeHalloweenGrange_14,"ensuite, on a, on a atterri, euh, dans un lieu où, euh, où on a eu, il y avait des clowns tueurs de ce que je me souviens, euh, ",voilà,", qui essayaient de nous effrayer. ",39,voilà,voilà,VERB,_,_,35,discourse,_,ExtPos=INTJ|SpaceAfter=No
ParisStories_2022_19_contenteDeOuf__21,"et après, euh, bah,",vas,"-y, l'an~, l'année, elle est passée, etc. ",8,vas,aller,VERB,_,Mood=Imp|Number=Sing|Person=2|Tense=Pres|VerbForm=Fin,19,discourse,_,AlignBegin=46094|AlignEnd=46408|SpaceAfter=No
ParisStories_2022_19_contenteDeOuf__51,"et, vas-y, ",faut, aussi que je révise pour les cours. ,6,faut,falloir,VERB,_,Mood=Ind|Number=Sing|Person=3|Tense=Pres|VerbForm=Fin,0,root,_,AlignBegin=118258|AlignEnd=118474
ParisStories_2022_19_contenteDeOuf__51,"et, ",vas,"-y, faut aussi que je révise pour les cours. ",3,vas,aller,VERB,_,Mood=Imp|Number=Sing|Person=2|Tense=Pres|VerbForm=Fin,6,discourse,_,AlignBegin=118041|AlignEnd=118258|SpaceAfter=No|wordform=vas-y
ParisStories_2022_9_demiSoeurMartiniquaise__19,"enfin, on avait pas le lien que mon père aurait, enfin, ",espérait,", qu'on ait, euh, si jeune. ",15,espérait,espérer,VERB,_,Mood=Ind|Number=Sing|Person=3|Tense=Imp|VerbForm=Fin,19,reparandum,_,AlignBegin=82110|AlignEnd=82410|SpaceAfter=No
ParisStories_2022_2_générationsXY__3,"et puis, je voulais jouer, ",faire, un truc. ,8,faire,faire,VERB,_,VerbForm=Inf,6,appos,_,AlignBegin=4306|AlignEnd=4498|Subject=SubjRaising
ParisStories_2022_20_LesParentsInconnus__4,"euh, euh, ",voilà,. ,5,voilà,voilà,VERB,_,_,0,root,_,AlignBegin=10890|AlignEnd=11251|SpaceAfter=No
ParisStories_2022_20_LesParentsInconnus__15,"euh, ",voilà," le jour où, où il est venu, euh, en Équateur, euh, bah, je savais, j'étais consciente. ",3,voilà,voilà,VERB,_,_,0,root,_,AlignBegin=70371|AlignEnd=70934
ParisStories_2022_20_LesParentsInconnus__28,"mais, ",voilà,", on est parti, euh, on est parti avec mon père. ",3,voilà,voilà,VERB,_,_,7,discourse,_,AlignBegin=129629|AlignEnd=130303|SpaceAfter=No
ParisStories_2022_14_râteauAuTravail__17,"et un jour, j'avais la flemme de rentrer, euh, toute seule, je lui fais bon, vas-y, ",raccompagne,-moi ! ,25,raccompagne,raccompagner,VERB,_,Mood=Imp|Number=Sing|Person=2|Tense=Pres|VerbForm=Fin,19,ccomp,_,AlignBegin=30041|AlignEnd=30254|Reported=Yes|SpaceAfter=No
ParisStories_2022_14_râteauAuTravail__17,"et un jour, j'avais la flemme de rentrer, euh, toute seule, je lui fais bon, ",vas,"-y, raccompagne-moi ! ",22,vas,aller,VERB,_,Mood=Imp|Number=Sing|Person=2|Tense=Pres|VerbForm=Fin,25,discourse,_,AlignBegin=29828|AlignEnd=30041|SpaceAfter=No|wordform=vas-y
ParisStories_2022_14_râteauAuTravail__25,"je me suis dit non, non, non, je vais pas quitter un pour euh, ",re~,", me remettre avec le même. ",19,re~,re~,VERB,_,Gender=Masc|Number=Sing|Tense=Past|VerbForm=Part,22,reparandum,_,AlignBegin=43199|AlignEnd=43369|SpaceAfter=No
ParisStories_2022_14_râteauAuTravail__35,"je lui fais non, non, rien, ",allez,", à demain, à demain. ",10,allez,aller,VERB,_,Mood=Imp|Number=Plur|Person=2|Tense=Pres|VerbForm=Fin,8,discourse,_,AlignBegin=61512|AlignEnd=61724|SpaceAfter=No
ParisStories_2022_14_râteauAuTravail__60,"mais bon bref, surtout euh relation au travail, ",interdit,. ,12,interdit,interdire,VERB,_,Gender=Masc|Number=Sing|Tense=Past|VerbForm=Part,0,root,_,AlignBegin=109905|AlignEnd=110272|SpaceAfter=No
